time,open,high,low,close,volume
1704171720,45183.1,45197.2,45183.1,45188.0,117.864
1704171780,45188.1,45194.1,45160.0,45184.9,208.659
1704171840,45184.7,45195.0,45153.0,45160.3,231.227
1704171900,45160.4,45183.9,45154.8,45182.9,145.061
1704171960,45182.8,45219.3,45180.1,45219.3,207.322
1704172020,45219.2,45249.6,45219.2,45246.5,185.523
1704172080,45246.5,45276.7,45243.4,45272.4,191.155
1704172140,45272.3,45305.1,45263.7,45305.1,342.729
1704172200,45305.0,45317.5,45285.3,45310.1,211.233
1704172260,45310.1,45310.1,45276.9,45304.2,152.84
1704172320,45304.1,45312.2,45288.1,45312.2,54.682
1704172380,45312.1,45340.0,45309.9,45340.0,167.598
1704172440,45340.0,45361.0,45335.5,45344.0,292.164
1704172500,45344.1,45366.0,45338.2,45365.9,145.895
1704172560,45365.9,45366.0,45266.5,45266.6,337.544
1704172620,45266.6,45296.3,45266.5,45285.0,93.4
1704172680,45285.0,45300.0,45285.0,45298.1,92.729
1704172740,45298.0,45317.2,45280.9,45295.9,115.029
1704172800,45295.9,45316.1,45295.5,45309.9,49.141
1704172860,45309.9,45310.0,45284.7,45300.0,39.963
1704172920,45300.0,45310.0,45285.5,45286.5,54.164
1704172980,45286.6,45290.5,45280.9,45290.4,72.693
1704173040,45290.4,45312.3,45281.9,45298.4,107.257
1704173100,45298.4,45309.8,45277.4,45287.7,133.884
1704173160,45287.8,45319.3,45287.7,45315.0,85.977
1704173220,45314.9,45315.0,45276.3,45276.3,65.837
1704173280,45276.4,45293.7,45276.3,45288.7,41.025
1704173340,45288.7,45299.0,45281.3,45294.3,59.497
1704173400,45294.2,45300.0,45266.2,45266.3,104.963
1704173460,45266.3,45270.4,45253.2,45262.0,76.542
1704173520,45262.1,45280.0,45259.4,45279.9,91.511
1704173580,45279.9,45293.2,45275.3,45275.4,68.12
1704173640,45275.3,45299.0,45267.3,45298.9,72.66
1704173700,45298.9,45313.0,45280.7,45299.1,100.817
1704173760,45299.1,45305.8,45277.9,45283.4,122.821
1704173820,45283.5,45308.2,45279.1,45308.2,53.526
1704173880,45308.1,45328.9,45308.1,45328.7,93.828
1704173940,45328.7,45334.5,45328.7,45331.5,75.496
1704174000,45331.4,45331.5,45304.1,45308.8,76.77
1704174060,45308.9,45311.1,45289.0,45298.5,41.33
1704174120,45297.6,45297.6,45275.1,45276.9,62.042
1704174180,45277.0,45291.7,45269.7,45289.3,95.149
1704174240,45288.9,45295.8,45280.5,45280.6,54.939
1704174300,45280.7,45285.8,45265.0,45265.1,120.896
1704174360,45265.1,45282.1,45260.0,45271.7,131.765
1704174420,45271.6,45330.0,45271.6,45322.9,150.487
1704174480,45322.9,45356.8,45322.9,45336.3,136.341
1704174540,45336.3,45341.3,45314.5,45321.6,57.872
1704174600,45321.7,45344.3,45301.9,45312.7,178.865
1704174660,45312.8,45315.7,45260.6,45267.8,157.927
1704174720,45267.8,45275.9,45229.1,45229.1,205.921
1704174780,45229.2,45231.3,45174.8,45177.0,434.145
1704174840,45177.1,45200.0,45177.0,45200.0,212.667
1704174900,45199.9,45209.3,45181.9,45201.5,163.635
1704174960,45201.3,45230.5,45201.3,45227.4,127.504
1704175020,45227.3,45235.4,45207.5,45227.7,142.141
1704175080,45227.7,45228.6,45218.9,45223.5,69.279
1704175140,45223.4,45237.6,45218.1,45218.2,81.406
1704175200,45218.2,45219.8,45200.9,45204.4,111.613
1704175260,45204.5,45225.4,45200.0,45203.6,74.276
1704175320,45203.7,45211.8,45193.0,45193.1,187.764
1704175380,45193.1,45195.9,45176.8,45176.8,75.171
1704175440,45176.9,45222.8,45163.9,45217.6,256.266
1704175500,45217.6,45225.0,45198.6,45221.2,130.465
1704175560,45221.3,45225.0,45209.7,45225.0,169.239
1704175620,45224.9,45237.8,45190.0,45190.0,174.864
1704175680,45190.1,45214.4,45170.7,45213.5,108.834
1704175740,45213.5,45226.8,45204.4,45218.6,81.455
1704175800,45218.6,45251.5,45214.8,45244.9,101.867
1704175860,45244.8,45249.7,45240.0,45249.3,72.199
1704175920,45249.3,45259.0,45243.0,45255.4,66.242
1704175980,45255.4,45281.2,45255.4,45280.1,209.408
1704176040,45280.0,45285.5,45270.7,45280.0,103.967
1704176100,45280.0,45283.0,45242.1,45242.2,122.475
1704176160,45242.2,45272.8,45233.0,45272.7,103.47
1704176220,45272.7,45276.3,45258.2,45267.4,47.67
1704176280,45267.3,45269.3,45267.3,45269.2,24.672
1704176340,45269.2,45273.1,45249.8,45261.4,72.936
1704176400,45261.4,45265.9,45241.0,45249.9,83.624
1704176460,45250.0,45261.1,45237.3,45261.0,75.392
1704176520,45261.1,45281.3,45253.4,45261.6,74.842
1704176580,45261.6,45279.6,45261.5,45264.7,76.691
1704176640,45264.8,45279.0,45264.8,45279.0,51.299
1704176700,45278.9,45299.7,45278.9,45286.8,119.696
1704176760,45286.7,45319.3,45286.7,45319.2,92.348
1704176820,45319.2,45320.5,45291.8,45303.4,203.141
1704176880,45303.5,45303.5,45288.8,45289.9,37.7
1704176940,45289.9,45300.0,45283.4,45283.4,49.43
1704177000,45283.5,45283.5,45260.5,45263.9,68.824
1704177060,45264.0,45264.0,45252.2,45253.5,58.309
1704177120,45253.5,45263.9,45241.0,45247.9,72.323
1704177180,45248.0,45254.3,45245.2,45246.9,63.416
1704177240,45246.9,45252.3,45236.0,45240.8,44.745
1704177300,45240.8,45263.4,45232.1,45263.3,69.362
1704177360,45263.3,45274.8,45255.2,45274.8,47.03
1704177420,45274.7,45289.9,45274.7,45283.6,62.614
1704177480,45283.6,45285.6,45257.0,45257.0,57.594
1704177540,45257.1,45265.3,45257.0,45261.0,56.916
1704177600,45260.9,45313.0,45260.9,45313.0,103.646
1704177660,45312.9,45334.0,45305.4,45328.5,182.266
1704177720,45328.4,45334.1,45322.6,45332.9,106.021
1704177780,45332.9,45332.9,45317.3,45323.4,81.23
1704177840,45323.4,45332.4,45323.3,45325.8,50.537
1704177900,45325.8,45346.2,45303.1,45314.0,211.01
1704177960,45314.0,45315.0,45305.4,45311.7,43.218
1704178020,45311.6,45318.5,45295.8,45295.8,58.331
1704178080,45295.9,45295.9,45276.1,45276.1,45.895
1704178140,45276.2,45319.5,45275.0,45319.5,112.783
1704178200,45319.4,45342.1,45319.4,45328.1,140.441
1704178260,45328.1,45328.2,45315.1,45317.5,43.815
1704178320,45317.5,45317.5,45292.0,45292.0,53.291
1704178380,45292.1,45297.9,45268.6,45269.9,44.328
1704178440,45270.0,45292.7,45270.0,45285.5,53.133
1704178500,45285.4,45306.8,45277.3,45278.4,100.795
1704178560,45278.4,45293.4,45278.4,45289.2,43.416
1704178620,45289.2,45289.3,45268.6,45268.6,52.454
1704178680,45268.7,45274.2,45251.9,45251.9,93.227
1704178740,45252.0,45257.2,45202.8,45202.9,332.144
1704178800,45202.9,45228.1,45202.5,45228.0,195.998
1704178860,45227.9,45250.0,45227.9,45245.6,82.503
1704178920,45245.5,45265.4,45221.0,45263.0,269.641
1704178980,45263.0,45276.3,45258.5,45273.6,82.862
1704179040,45273.5,45278.4,45261.9,45277.6,87.495
1704179100,45277.6,45281.2,45274.2,45279.1,52.987
1704179160,45279.0,45305.7,45279.0,45305.6,65.836
1704179220,45305.6,45309.0,45296.1,45309.0,111.818
1704179280,45309.0,45325.6,45296.6,45316.8,153.076
1704179340,45316.8,45375.0,45315.8,45375.0,340.36
1704179400,45374.9,45444.9,45369.4,45437.7,759.14
1704179460,45437.6,45437.7,45389.9,45393.9,249.343
1704179520,45393.9,45419.0,45391.2,45403.5,127.617
1704179580,45403.4,45410.0,45368.6,45378.1,215.478
1704179640,45378.2,45380.2,45370.0,45377.1,77.206
1704179700,45377.0,45397.9,45375.5,45390.0,82.367
1704179760,45390.0,45390.1,45344.4,45344.4,117.701
1704179820,45344.5,45379.2,45330.2,45379.1,132.734
1704179880,45379.1,45400.0,45373.6,45387.5,138.008
1704179940,45387.4,45399.8,45378.9,45398.0,76.552
1704180000,45397.9,45440.0,45397.2,45430.4,172.804
1704180060,45430.3,45430.3,45380.9,45401.9,302.765
1704180120,45402.0,45440.6,45401.9,45439.9,105.463
1704180180,45439.8,45480.0,45436.9,45461.7,425.671
1704180240,45461.7,45522.9,45461.7,45521.3,632.45
1704180300,45519.0,45832.8,45507.9,45596.0,4800.858
1704180360,45595.9,45632.8,45530.5,45606.7,1488.608
1704180420,45606.6,45640.2,45534.4,45534.4,646.411
1704180480,45534.5,45537.0,45482.0,45492.3,693.266
1704180540,45492.3,45505.5,45469.8,45502.6,368.236
1704180600,45502.6,45512.4,45446.8,45450.7,497.067
1704180660,45450.7,45458.3,45396.7,45441.5,504.313
1704180720,45441.5,45450.0,45326.4,45367.5,1299.956
1704180780,45367.6,45371.2,45325.6,45351.2,321.318
1704180840,45351.2,45422.9,45344.2,45420.0,345.246
1704180900,45420.0,45451.0,45366.4,45368.1,263.947
1704180960,45368.2,45370.8,45336.3,45367.2,338.826
1704181020,45367.3,45447.9,45360.0,45433.9,389.646
1704181080,45433.9,45475.0,45433.9,45465.0,165.604
1704181140,45465.3,45473.9,45441.9,45452.3,192.604
1704181200,45452.4,45465.9,45445.7,45465.7,149.299
1704181260,45465.7,45474.9,45426.2,45438.1,141.361
1704181320,45438.9,45508.9,45437.4,45507.0,236.937
1704181380,45506.9,45540.0,45488.9,45532.8,360.2
1704181440,45532.8,45574.1,45529.9,45574.1,368.211
1704181500,45574.0,45574.1,45510.5,45526.6,528.737
1704181560,45526.7,45567.6,45515.4,45544.3,209.886
1704181620,45544.0,45550.9,45488.9,45504.3,275.513
1704181680,45504.4,45550.1,45495.1,45538.0,174.597
1704181740,45538.0,45572.5,45538.0,45568.5,253.874
1704181800,45568.5,45568.6,45517.3,45531.1,323.606
1704181860,45531.1,45531.1,45506.1,45514.6,171.288
1704181920,45514.7,45550.0,45505.5,45543.7,153.937
1704181980,45543.6,45543.6,45506.7,45522.5,87.545
1704182040,45522.5,45525.0,45491.7,45498.1,93.406
1704182100,45498.1,45530.0,45495.9,45512.1,102.391
1704182160,45512.0,45541.5,45510.9,45517.9,134.013
1704182220,45517.9,45538.9,45488.7,45532.7,165.704
1704182280,45532.7,45532.7,45481.5,45481.5,162.519
1704182340,45481.6,45502.3,45475.0,45495.5,180.739
1704182400,45495.6,45532.7,45480.4,45531.0,223.745
1704182460,45530.9,45542.9,45520.3,45542.9,128.753
1704182520,45542.8,45559.0,45503.7,45503.7,169.881
1704182580,45503.7,45503.8,45475.5,45484.5,215.404
1704182640,45484.6,45484.7,45471.4,45471.4,104.837
1704182700,45471.5,45471.5,45450.1,45450.6,138.994
1704182760,45450.6,45452.1,45404.3,45411.1,318.587
1704182820,45411.2,45411.2,45365.0,45367.9,370.031
1704182880,45368.0,45407.4,45367.9,45390.8,185.633
1704182940,45390.7,45417.6,45370.0,45417.5,181.294
1704183000,45417.5,45433.5,45410.0,45432.0,120.565
1704183060,45432.0,45504.6,45432.0,45498.5,287.81
1704183120,45498.5,45562.4,45498.5,45561.3,291.391
1704183180,45561.3,45655.2,45538.0,45628.6,902.776
1704183240,45628.6,45760.1,45620.0,45699.5,1465.656
1704183300,45699.4,45799.5,45650.9,45653.0,1377.812
1704183360,45653.1,45700.2,45638.6,45671.5,427.341
1704183420,45671.6,45716.5,45651.2,45710.6,284.565
1704183480,45710.7,45787.6,45692.6,45769.9,917.621
1704183540,45769.9,45775.3,45734.0,45762.4,683.575
1704183600,45762.4,45890.0,45751.7,45801.0,2090.862
1704183660,45801.0,45900.0,45795.0,45894.0,1372.691
1704183720,45894.0,45898.8,45826.3,45857.0,776.403
1704183780,45857.0,45899.0,45821.0,45876.1,567.319
1704183840,45876.1,45896.1,45787.0,45843.4,902.025
1704183900,45843.4,45855.4,45753.8,45766.7,709.251
1704183960,45766.8,45811.0,45736.4,45762.4,531.762
1704184020,45762.3,45817.1,45762.3,45817.1,222.494
1704184080,45817.1,45818.8,45762.7,45785.6,285.191
1704184140,45785.5,45800.0,45760.2,45784.3,250.2
1704184200,45784.2,45799.9,45766.0,45777.6,239.347
1704184260,45777.6,45905.9,45761.6,45867.1,1131.58
1704184320,45867.1,45876.6,45752.5,45752.5,483.777
1704184380,45753.8,45782.1,45723.4,45760.8,404.742
1704184440,45760.7,45783.0,45734.0,45739.9,349.006
1704184500,45739.9,45786.6,45671.5,45757.8,833.294
1704184560,45757.7,45830.0,45736.6,45825.4,303.779
1704184620,45825.4,45825.4,45742.3,45746.6,246.096
1704184680,45746.7,45785.2,45737.4,45766.3,203.037
1704184740,45766.4,45766.4,45700.0,45722.4,251.058
1704184800,45722.5,45738.4,45691.0,45699.6,301.991
1704184860,45699.6,45777.0,45695.2,45701.0,349.511
1704184920,45700.9,45725.6,45700.9,45717.0,114.592
1704184980,45717.0,45722.3,45660.0,45679.8,321.922
1704185040,45679.8,45725.0,45679.8,45710.0,168.804
1704185100,45710.0,45718.4,45661.2,45674.3,363.689
1704185160,45674.3,45678.0,45633.0,45672.1,454.03
1704185220,45672.0,45702.4,45630.2,45678.6,488.68
1704185280,45678.7,45721.9,45631.7,45701.8,532.394
1704185340,45701.8,45786.5,45687.0,45775.8,655.676
1704185400,45775.8,45778.4,45741.2,45776.0,199.01
1704185460,45776.1,45821.7,45765.2,45800.2,351.556
1704185520,45800.3,45817.2,45777.0,45782.8,470.434
1704185580,45782.8,45815.9,45779.1,45803.0,148.04
1704185640,45803.8,45857.7,45801.1,45849.7,359.478
1704185700,45849.6,45850.9,45810.4,45840.0,200.836
1704185760,45839.9,45845.8,45802.1,45822.6,163.729
1704185820,45822.6,45845.8,45816.5,45827.1,217.759
1704185880,45827.1,45827.2,45793.1,45811.8,167.697
1704185940,45811.9,45816.9,45786.0,45816.8,118.835
1704186000,45816.8,45836.8,45792.8,45819.0,243.78
1704186060,45819.1,45837.7,45792.6,45830.9,127.209
1704186120,45831.0,45857.9,45828.0,45844.4,266.118
1704186180,45844.3,45865.7,45834.0,45862.9,199.583
1704186240,45863.0,45887.3,45847.0,45886.8,313.913
1704186300,45887.0,45937.9,45872.3,45887.9,785.095
1704186360,45887.9,45950.0,45887.9,45931.0,783.722
1704186420,45931.0,45939.1,45837.0,45843.3,632.424
1704186480,45843.3,45865.4,45788.4,45842.5,479.595
1704186540,45842.4,45842.5,45777.0,45777.1,245.212
1704186600,45777.0,45807.5,45770.6,45775.9,236.769
1704186660,45776.0,45790.6,45763.9,45765.9,221.411
1704186720,45765.8,45780.7,45748.0,45754.3,274.665
1704186780,45754.3,45771.6,45743.1,45760.0,158.271
1704186840,45759.4,45759.5,45702.3,45734.7,435.978
1704186900,45734.6,45758.7,45714.3,45753.5,161.396
1704186960,45753.4,45767.3,45739.1,45766.9,192.64
1704187020,45766.9,45796.5,45751.4,45793.1,132.391
1704187080,45793.0,45811.5,45769.7,45769.7,126.17
1704187140,45769.8,45769.8,45747.6,45761.4,93.639
1704187200,45761.4,45814.2,45752.0,45793.0,232.207
1704187260,45792.9,45808.0,45758.9,45801.1,474.864
1704187320,45801.1,45824.2,45789.8,45802.3,129.511
1704187380,45802.1,45830.2,45781.6,45828.1,255.392
1704187440,45828.0,45829.7,45810.6,45820.1,108.292
1704187500,45820.0,45824.9,45805.0,45805.0,80.867
1704187560,45805.1,45811.9,45785.0,45785.1,72.706
1704187620,45785.1,45883.8,45782.2,45875.5,385.133
1704187680,45875.4,45897.5,45850.9,45897.5,391.116
1704187740,45897.5,45914.9,45875.1,45879.9,465.244
1704187800,45879.9,45880.0,45846.0,45863.0,233.068
1704187860,45863.0,45877.8,45855.5,45872.8,129.262
1704187920,45873.7,45873.8,45835.2,45835.4,129.631
1704187980,45835.2,45843.4,45786.7,45786.7,146.002
1704188040,45786.8,45825.4,45777.4,45805.3,169.745
1704188100,45805.2,45805.3,45779.1,45787.1,139.098
1704188160,45787.0,45800.0,45782.1,45790.9,76.777
1704188220,45790.9,45790.9,45754.0,45754.0,229.142
1704188280,45754.0,45754.1,45710.0,45723.3,510.153
1704188340,45723.2,45758.0,45711.9,45744.3,237.51
1704188400,45744.3,45758.0,45721.2,45724.0,120.447
1704188460,45724.1,45760.8,45723.0,45735.5,113.044
1704188520,45735.4,45739.0,45710.0,45712.4,165.275
1704188580,45712.3,45717.9,45667.7,45677.1,399.271
1704188640,45677.0,45725.4,45677.0,45708.2,228.834
1704188700,45708.3,45712.5,45685.4,45702.3,159.251
1704188760,45702.3,45705.2,45670.9,45705.2,197.176
1704188820,45705.1,45768.5,45705.1,45753.7,264.186
1704188880,45753.7,45788.2,45751.4,45788.1,156.37
1704188940,45788.1,45788.2,45755.4,45777.9,111.261
1704189000,45777.9,45797.8,45768.5,45790.4,124.55
1704189060,45790.4,45843.3,45773.6,45773.7,465.848
1704189120,45773.6,45782.7,45751.6,45776.6,145.781
1704189180,45776.5,45776.6,45718.6,45719.0,186.854
1704189240,45719.1,45731.9,45701.9,45705.1,146.03
1704189300,45705.1,45731.5,45705.1,45727.3,128.046
1704189360,45727.3,45742.9,45703.0,45716.8,130.593
1704189420,45716.8,45721.9,45709.0,45721.8,49.35
1704189480,45721.8,45751.7,45721.8,45751.6,130.31
1704189540,45751.6,45751.7,45729.0,45730.5,89.193
1704189600,45730.0,45748.2,45728.4,45746.2,94.448
1704189660,45746.2,45771.8,45737.8,45751.0,133.395
1704189720,45750.1,45750.1,45725.0,45737.0,121.719
1704189780,45737.0,45737.1,45701.0,45718.0,121.284
1704189840,45717.9,45718.0,45669.3,45669.3,367.458
1704189900,45669.4,45687.6,45669.2,45672.5,157.641
1704189960,45672.6,45701.2,45672.5,45684.3,121.2
1704190020,45684.2,45684.2,45660.0,45660.0,162.579
1704190080,45660.1,45662.8,45600.4,45616.4,682.608
1704190140,45616.4,45677.9,45605.7,45662.6,228.771
1704190200,45662.7,45685.7,45626.4,45633.7,362.688
1704190260,45633.2,45660.0,45630.5,45659.9,146.357
1704190320,45659.9,45684.8,45650.0,45669.3,137.251
1704190380,45669.3,45673.1,45645.8,45651.2,94.614
1704190440,45651.3,45755.3,45644.0,45750.5,265.886
1704190500,45750.5,45770.7,45730.0,45739.8,262.571
1704190560,45739.9,45772.8,45732.5,45757.1,197.425
1704190620,45757.0,45760.2,45729.9,45759.2,106.681
1704190680,45759.2,45759.2,45720.1,45720.1,121.408
1704190740,45720.1,45731.9,45705.8,45705.8,162.099
1704190800,45705.8,45713.1,45686.6,45711.7,91.658
1704190860,45711.6,45711.7,45667.0,45688.9,225.643
1704190920,45688.9,45690.9,45675.5,45690.9,62.492
1704190980,45690.8,45721.5,45682.0,45713.7,113.27
1704191040,45713.7,45750.0,45710.8,45747.0,103.665
1704191100,45747.0,45747.1,45663.8,45668.9,258.324
1704191160,45668.8,45699.7,45650.0,45652.0,206.471
1704191220,45652.0,45673.6,45652.0,45673.5,94.249
1704191280,45673.5,45716.6,45673.5,45716.6,128.553
1704191340,45716.5,45716.6,45707.9,45712.0,58.914
1704191400,45712.0,45716.6,45683.0,45683.0,66.795
1704191460,45683.1,45719.5,45683.1,45700.0,155.779
1704191520,45700.0,45712.0,45689.1,45708.0,139.453
1704191580,45707.9,45707.9,45673.9,45675.8,91.045
1704191640,45675.8,45675.8,45651.1,45665.9,144.548
1704191700,45665.9,45665.9,45645.0,45650.0,119.549
1704191760,45650.0,45678.5,45642.0,45678.5,98.116
1704191820,45678.4,45691.2,45670.0,45691.2,83.937
1704191880,45691.1,45691.3,45644.8,45650.0,74.053
1704191940,45650.1,45650.1,45623.8,45625.8,152.952
1704192000,45625.8,45649.5,45600.0,45634.3,338.431
1704192060,45634.3,45657.3,45622.1,45623.7,196.083
1704192120,45623.7,45623.8,45606.1,45616.6,95.036
1704192180,45616.6,45631.5,45603.3,45626.8,96.527
1704192240,45626.9,45656.0,45601.0,45656.0,235.945
1704192300,45655.9,45655.9,45611.7,45622.8,159.387
1704192360,45622.8,45631.3,45584.0,45593.1,297.405
1704192420,45593.0,45596.0,45478.0,45563.0,1954.533
1704192480,45562.7,45563.0,45502.7,45548.1,1019.989
1704192540,45548.0,45584.8,45542.1,45562.2,312.052
1704192600,45562.3,45577.9,45556.8,45575.0,126.537
1704192660,45575.0,45575.0,45510.6,45532.1,308.624
1704192720,45532.1,45532.2,45515.0,45526.7,198.301
1704192780,45526.6,45578.7,45486.8,45569.8,566.262
1704192840,45569.8,45579.0,45554.0,45579.0,103.154
1704192900,45578.9,45594.0,45558.4,45561.4,163.628
1704192960,45561.5,45606.2,45561.4,45604.1,278.163
1704193020,45604.1,45614.0,45595.8,45602.1,192.106
1704193080,45602.0,45630.2,45595.8,45617.8,286.009
1704193140,45617.9,45655.8,45617.8,45655.7,372.947
1704193200,45655.7,45678.5,45651.7,45678.5,328.806
1704193260,45678.4,45709.2,45673.9,45688.7,496.251
1704193320,45688.6,45704.6,45673.0,45685.9,235.269
1704193380,45685.8,45727.6,45674.6,45702.3,286.193
1704193440,45702.2,45731.4,45698.2,45702.1,168.072
1704193500,45702.0,45736.2,45702.0,45736.1,178.218
1704193560,45736.1,45752.0,45719.0,45746.0,198.253
1704193620,45745.9,45767.6,45704.9,45708.6,353.468
1704193680,45708.5,45709.6,45666.0,45670.0,213.832
1704193740,45670.0,45684.6,45665.0,45665.1,94.603
1704193800,45665.0,45665.1,45622.2,45625.0,192.141
1704193860,45625.0,45639.4,45613.1,45616.5,159.812
1704193920,45616.5,45685.9,45612.0,45685.9,188.832
1704193980,45685.9,45685.9,45653.7,45653.7,90.968
1704194040,45653.8,45653.8,45611.5,45616.0,87.306
1704194100,45616.1,45628.7,45612.3,45628.7,98.797
1704194160,45628.7,45632.8,45609.5,45609.5,69.044
1704194220,45609.5,45609.5,45587.0,45592.7,174.866
1704194280,45592.7,45626.3,45591.1,45620.8,195.163
1704194340,45620.8,45641.7,45602.8,45638.7,94.062
1704194400,45638.7,45648.9,45622.0,45640.6,133.391
1704194460,45640.5,45640.5,45587.3,45595.8,117.694
1704194520,45595.9,45604.6,45570.4,45575.5,152.516
1704194580,45575.5,45579.4,45557.6,45563.1,130.471
1704194640,45563.1,45617.0,45563.0,45607.2,176.889
1704194700,45608.5,45608.6,45590.5,45601.6,43.581
1704194760,45601.6,45601.7,45562.4,45570.0,229.656
1704194820,45570.0,45570.0,45555.0,45557.5,165.855
1704194880,45557.4,45576.4,45557.4,45563.0,116.597
1704194940,45562.9,45570.9,45558.0,45558.0,69.632
1704195000,45558.0,45609.2,45554.4,45578.9,315.062
1704195060,45578.9,45611.9,45565.8,45610.6,110.706
1704195120,45610.5,45614.9,45550.0,45550.0,365.895
1704195180,45550.0,45550.1,45527.3,45527.4,215.352
1704195240,45527.3,45529.5,45489.1,45499.9,647.273
1704195300,45499.8,45519.8,45496.8,45505.0,151.983
1704195360,45505.0,45506.0,45493.4,45497.9,168.372
1704195420,45497.9,45497.9,45450.2,45460.9,702.2
1704195480,45460.9,45476.9,45421.0,45432.0,778.502
1704195540,45431.9,45436.5,45378.7,45388.1,765.435
1704195600,45388.1,45430.0,45384.3,45393.5,440.93
1704195660,45393.5,45418.4,45362.4,45389.4,495.194
1704195720,45389.4,45405.9,45372.0,45372.0,221.325
1704195780,45372.1,45377.4,45312.0,45329.4,897.705
1704195840,45329.5,45329.5,45258.0,45307.9,1462.154
1704195900,45306.8,45357.6,45300.6,45353.4,680.884
1704195960,45353.5,45386.8,45331.7,45380.8,585.135
1704196020,45380.8,45400.0,45355.0,45394.5,341.842
1704196080,45394.5,45436.1,45389.9,45420.0,404.443
1704196140,45420.0,45422.1,45382.5,45395.2,223.462
1704196200,45395.1,45402.0,45320.0,45385.8,272.484
1704196260,45385.8,45390.1,45331.8,45356.9,221.713
1704196320,45356.9,45376.7,45343.6,45345.2,228.608
1704196380,45345.1,45351.4,45309.3,45335.5,235.153
1704196440,45335.5,45361.8,45325.0,45354.7,210.652
1704196500,45354.7,45431.4,45354.7,45426.1,356.912
1704196560,45426.2,45489.3,45421.6,45475.6,661.954
1704196620,45475.6,45490.0,45461.4,45473.7,240.763
1704196680,45473.7,45473.8,45444.8,45468.5,207.132
1704196740,45468.4,45486.8,45454.6,45486.8,141.269
1704196800,45486.8,45491.6,45459.8,45480.0,287.783
1704196860,45479.9,45481.7,45453.6,45461.5,176.074
1704196920,45461.4,45472.9,45445.4,45450.6,121.938
1704196980,45450.6,45478.6,45448.0,45478.6,175.021
1704197040,45478.6,45497.6,45456.0,45497.5,271.922
1704197100,45497.6,45550.0,45497.6,45542.1,579.86
1704197160,45542.1,45549.8,45508.6,45508.6,242.913
1704197220,45508.6,45511.7,45488.4,45494.4,192.665
1704197280,45494.3,45494.4,45464.7,45478.0,212.42
1704197340,45478.0,45506.7,45456.9,45460.0,182.683
1704197400,45460.1,45460.1,45393.7,45412.5,531.703
1704197460,45412.6,45460.9,45412.5,45442.7,150.702
1704197520,45442.7,45444.8,45396.0,45396.0,250.82
1704197580,45396.0,45421.9,45391.3,45404.5,169.286
1704197640,45404.6,45435.9,45404.5,45435.9,94.539
1704197700,45435.9,45452.0,45427.2,45434.1,137.781
1704197760,45434.1,45457.3,45399.9,45457.3,236.167
1704197820,45457.2,45457.2,45444.9,45448.3,100.327
1704197880,45448.4,45452.1,45442.8,45445.9,37.419
1704197940,45445.8,45445.8,45408.4,45408.4,100.575
1704198000,45408.5,45408.5,45387.2,45391.9,123.467
1704198060,45391.2,45455.0,45370.0,45448.7,379.29
1704198120,45448.7,45482.0,45432.2,45474.4,124.138
1704198180,45474.5,45483.0,45463.5,45483.0,90.141
1704198240,45483.0,45486.8,45474.9,45486.0,110.504
1704198300,45486.1,45511.0,45473.5,45493.6,168.889
1704198360,45493.7,45530.6,45490.5,45527.3,195.968
1704198420,45527.4,45527.4,45494.0,45494.0,110.735
1704198480,45494.0,45520.0,45484.0,45495.4,116.259
1704198540,45495.3,45510.4,45487.4,45510.4,81.649
1704198600,45510.5,45520.0,45492.3,45492.9,270.068
1704198660,45492.9,45532.2,45492.9,45532.2,333.417
1704198720,45532.2,45639.0,45532.1,45605.3,1177.773
1704198780,45605.4,45640.0,45597.6,45611.5,676.112
1704198840,45611.5,45638.2,45574.9,45638.2,255.204
1704198900,45638.2,45655.0,45576.3,45603.1,578.667
1704198960,45603.0,45610.0,45580.7,45582.4,164.91
1704199020,45582.5,45589.0,45556.6,45561.1,170.45
1704199080,45561.1,45612.8,45556.5,45610.1,471.997
1704199140,45610.0,45615.0,45561.6,45570.3,200.518
1704199200,45570.3,45581.0,45538.2,45542.7,193.657
1704199260,45542.7,45553.0,45520.4,45535.9,255.384
1704199320,45535.8,45546.4,45520.6,45534.9,142.711
1704199380,45534.8,45583.6,45534.8,45583.4,106.847
1704199440,45583.3,45583.3,45507.2,45508.0,272.081
1704199500,45508.0,45545.9,45508.0,45522.5,249.89
1704199560,45522.5,45522.5,45480.4,45485.4,325.888
1704199620,45485.4,45491.8,45449.5,45452.5,427.797
1704199680,45452.5,45465.0,45420.5,45420.5,397.939
1704199740,45420.5,45466.2,45413.4,45430.7,270.576
1704199800,45430.7,45430.7,45390.0,45408.0,225.095
1704199860,45408.0,45427.6,45333.0,45351.9,941.7
1704199920,45351.9,45388.0,45329.7,45387.9,303.216
1704199980,45388.0,45391.7,45350.0,45357.2,181.53
1704200040,45357.2,45403.2,45352.8,45366.1,377.463
1704200100,45366.0,45383.8,45347.3,45347.3,167.512
1704200160,45347.3,45357.2,45323.2,45346.0,180.444
1704200220,45346.0,45398.5,45345.9,45374.1,178.452
1704200280,45374.0,45374.1,45340.0,45362.9,156.831
1704200340,45363.0,45365.3,45343.5,45355.1,121.984
1704200400,45355.1,45359.6,45333.6,45349.0,257.904
1704200460,45349.0,45349.1,45316.4,45347.1,196.444
1704200520,45347.0,45421.1,45347.0,45412.8,354.164
1704200580,45412.0,45434.5,45378.9,45434.2,197.011
1704200640,45434.2,45469.0,45425.4,45449.2,320.999
1704200700,45449.2,45472.2,45444.7,45455.7,163.742
1704200760,45455.8,45472.5,45435.9,45466.0,117.861
1704200820,45466.1,45466.1,45445.1,45455.9,70.686
1704200880,45455.8,45482.3,45455.8,45478.2,114.673
1704200940,45478.3,45493.4,45455.6,45482.5,183.878
1704201000,45482.4,45495.0,45465.4,45494.2,168.278
1704201060,45494.1,45495.0,45460.0,45460.1,127.072
1704201120,45460.0,45524.0,45456.7,45522.7,266.112
1704201180,45522.8,45542.8,45518.8,45540.0,239.794
1704201240,45540.0,45542.4,45524.1,45525.0,80.828
1704201300,45525.0,45540.0,45522.9,45529.6,86.706
1704201360,45529.6,45562.3,45529.5,45550.5,282.251
1704201420,45550.6,45564.7,45545.8,45559.5,131.77
1704201480,45559.5,45595.6,45556.2,45583.0,256.892
1704201540,45583.0,45625.2,45578.0,45593.4,252.216
1704201600,45593.3,45617.4,45384.9,45421.5,2663.93
1704201660,45421.6,45459.8,45406.8,45450.8,454.172
1704201720,45450.8,45499.3,45450.7,45496.0,161.76
1704201780,45496.0,45525.0,45486.4,45511.6,129.187
1704201840,45511.6,45578.0,45511.6,45566.7,246.76
1704201900,45566.8,45576.0,45549.0,45576.0,150.27
1704201960,45575.9,45576.0,45553.4,45557.2,118.843
1704202020,45557.2,45561.0,45527.1,45554.9,180.321
1704202080,45554.9,45575.2,45543.8,45570.8,129.979
1704202140,45570.7,45575.9,45566.1,45569.9,104.727
1704202200,45569.8,45579.1,45562.0,45579.0,188.123
1704202260,45579.1,45605.0,45579.0,45604.9,149.6
1704202320,45605.0,45623.3,45604.9,45612.1,160.347
1704202380,45612.1,45630.0,45600.7,45606.4,190.742
1704202440,45606.4,45611.8,45580.0,45591.1,109.827
1704202500,45591.0,45637.8,45591.0,45637.8,147.491
1704202560,45637.8,45644.6,45618.7,45640.3,164.82
1704202620,45640.2,45645.5,45621.0,45630.0,154.241
1704202680,45630.1,45639.0,45613.9,45625.1,138.441
1704202740,45625.2,45664.3,45621.9,45658.6,315.889
1704202800,45658.6,45723.5,45658.6,45707.3,612.709
1704202860,45707.2,45745.2,45701.4,45728.1,450.733
1704202920,45728.1,45734.6,45686.9,45705.4,460.35
1704202980,45705.4,45759.1,45691.2,45759.1,524.97
1704203040,45759.0,45760.0,45700.7,45715.0,404.385
1704203100,45715.1,45752.0,45707.1,45744.2,211.561
1704203160,45744.2,45744.2,45683.3,45703.9,371.74
1704203220,45704.0,45707.1,45673.4,45675.9,204.546
1704203280,45675.9,45695.7,45654.2,45695.6,209.939
1704203340,45695.6,45695.7,45674.6,45686.7,133.644
1704203400,45686.8,45704.2,45667.7,45692.4,105.696
1704203460,45692.5,45727.2,45650.1,45664.3,311.15
1704203520,45664.2,45673.4,45658.1,45665.7,82.696
1704203580,45665.8,45669.0,45635.2,45645.4,223.69
1704203640,45645.4,45693.0,45640.9,45691.9,155.175
1704203700,45691.9,45716.2,45687.3,45696.1,180.198
1704203760,45696.1,45701.4,45670.0,45675.1,101.636
1704203820,45675.2,45678.0,45643.3,45648.9,105.885
1704203880,45649.0,45702.7,45648.9,45694.1,119.626
1704203940,45694.1,45702.6,45680.0,45686.3,91.702
1704204000,45686.2,45731.4,45682.0,45731.4,135.535
1704204060,45731.4,45746.0,45692.6,45701.2,307.385
1704204120,45701.2,45737.9,45684.9,45713.8,179.355
1704204180,45713.8,45721.0,45680.4,45682.5,151.625
1704204240,45682.5,45689.0,45670.0,45684.2,148.446
1704204300,45684.2,45718.2,45681.5,45691.8,105.234
1704204360,45691.8,45749.9,45666.0,45749.9,219.424
1704204420,45750.0,45789.0,45749.9,45758.4,465.273
1704204480,45758.4,45790.5,45751.3,45788.4,237.032
1704204540,45788.4,45788.5,45758.3,45760.8,142.028
1704204600,45760.9,45820.1,45753.6,45794.5,502.884
1704204660,45794.6,45809.8,45780.1,45796.7,318.505
1704204720,45796.8,45825.4,45780.0,45794.1,509.904
1704204780,45794.1,45850.0,45794.1,45840.9,477.148
1704204840,45841.0,45848.5,45781.1,45815.3,443.119
1704204900,45815.4,45815.4,45782.5,45812.1,252.833
1704204960,45812.1,45850.0,45800.3,45807.6,296.031
1704205020,45807.6,45807.6,45733.5,45742.7,430.237
1704205080,45742.8,45750.5,45709.3,45720.2,372.94
1704205140,45720.1,45744.0,45704.1,45704.2,168.125
1704205200,45704.2,45739.8,45688.0,45735.3,204.549
1704205260,45735.2,45735.3,45672.8,45676.6,284.801
1704205320,45676.7,45694.1,45646.0,45685.9,447.604
1704205380,45685.9,45723.5,45676.1,45702.1,205.306
1704205440,45702.2,45720.0,45696.7,45703.5,137.809
1704205500,45703.4,45703.4,45630.0,45630.0,347.343
1704205560,45630.1,45642.1,45590.6,45623.0,559.04
1704205620,45623.1,45658.3,45617.0,45653.0,317.434
1704205680,45652.2,45686.0,45639.7,45682.0,144.911
1704205740,45682.1,45689.0,45662.4,45679.1,126.573
1704205800,45679.1,45714.0,45667.8,45711.6,231.7
1704205860,45711.6,45711.6,45604.7,45606.9,284.356
1704205920,45607.0,45628.7,45604.2,45613.8,274.565
1704205980,45613.8,45620.0,45526.7,45529.0,1250.733
1704206040,45530.8,45575.5,45505.8,45564.9,576.815
1704206100,45564.9,45571.0,45421.4,45473.0,1377.832
1704206160,45473.0,45560.0,45472.9,45527.8,427.299
1704206220,45527.7,45549.9,45474.0,45474.0,427.233
1704206280,45474.1,45483.3,45406.3,45424.8,1135.588
1704206340,45424.9,45461.0,45378.4,45380.9,967.436
1704206400,45381.0,45470.0,45360.0,45461.8,758.112
1704206460,45461.8,45509.6,45443.4,45509.6,311.032
1704206520,45509.7,45558.0,45503.1,45537.5,460.505
1704206580,45537.5,45563.9,45537.5,45563.9,230.649
1704206640,45564.0,45566.4,45536.3,45558.5,219.025
1704206700,45558.5,45558.5,45466.2,45472.9,306.02
1704206760,45472.9,45516.2,45420.0,45424.5,522.965
1704206820,45424.5,45431.1,45347.5,45378.7,822.024
1704206880,45378.8,45399.0,45312.7,45324.5,978.213
1704206940,45324.9,45341.2,45204.9,45220.0,1867.811
1704207000,45220.1,45276.0,45172.3,45251.4,1734.488
1704207060,45251.4,45335.9,45248.2,45335.8,1178.261
1704207120,45335.8,45406.1,45335.8,45352.9,744.903
1704207180,45353.0,45375.0,45260.0,45270.5,559.098
1704207240,45270.6,45274.1,45158.0,45203.4,1141.894
1704207300,45203.4,45239.0,45161.0,45178.8,746.956
1704207360,45178.9,45230.9,45026.0,45124.5,3332.499
1704207420,45124.5,45235.0,45110.7,45234.9,1265.994
1704207480,45234.9,45305.3,45200.0,45274.8,1835.795
1704207540,45274.8,45344.7,45260.1,45293.6,1229.118
1704207600,45293.5,45356.4,45253.2,45343.9,714.927
1704207660,45343.9,45359.9,45299.9,45359.9,445.094
1704207720,45359.9,45359.9,45301.4,45346.8,562.584
1704207780,45346.9,45354.4,45260.0,45277.9,411.649
1704207840,45277.9,45286.2,45196.4,45219.0,540.481
1704207900,45219.0,45249.7,45187.6,45249.7,624.031
1704207960,45250.0,45252.0,45167.2,45227.9,598.465
1704208020,45227.9,45261.7,45202.2,45208.3,609.966
1704208080,45208.4,45254.9,45192.6,45204.9,562.998
1704208140,45204.9,45271.7,45204.8,45263.4,397.591
1704208200,45263.4,45332.3,45239.9,45324.5,476.527
1704208260,45324.5,45332.1,45298.0,45302.7,279.686
1704208320,45302.7,45307.6,45230.6,45235.5,261.01
1704208380,45235.6,45239.3,45115.0,45120.5,698.965
1704208440,45120.6,45179.6,45109.5,45141.6,764.243
1704208500,45141.6,45141.8,45100.1,45115.7,624.962
1704208560,45115.8,45121.2,45047.3,45108.5,1469.715
1704208620,45108.6,45121.5,44933.0,44980.6,2106.15
1704208680,44980.6,45043.9,44899.1,44961.0,3124.718
1704208740,44961.1,44966.7,44868.1,44882.1,1132.164
1704208800,44882.1,45089.7,44870.6,45053.6,1188.502
1704208860,45053.6,45134.5,45021.3,45123.7,846.223
1704208920,45123.7,45153.5,45120.8,45128.5,587.024
1704208980,45128.4,45133.0,45050.0,45120.1,502.329
1704209040,45120.2,45162.3,45081.0,45148.6,437.056
1704209100,45148.5,45151.6,45100.9,45131.4,234.676
1704209160,45131.4,45144.0,45025.7,45034.9,366.194
1704209220,45034.9,45072.0,45000.8,45025.1,338.537
1704209280,45025.1,45051.5,44973.6,44976.8,491.11
1704209340,44976.9,45042.6,44973.0,45041.2,282.157
1704209400,45041.1,45044.5,44936.0,44945.2,710.532
1704209460,44945.3,45042.0,44919.0,45040.2,489.688
1704209520,45040.3,45123.5,45040.2,45080.0,459.809
1704209580,45080.1,45169.9,45080.0,45169.8,432.809
1704209640,45169.8,45182.7,45120.4,45122.0,499.261
1704209700,45122.0,45214.3,45122.0,45210.0,477.145
1704209760,45209.9,45229.0,45180.0,45184.3,515.995
1704209820,45184.2,45229.8,45180.0,45225.7,289.92
1704209880,45225.7,45244.4,45191.0,45241.4,394.747
1704209940,45241.4,45270.0,45219.6,45237.4,449.387
1704210000,45237.4,45299.7,45219.0,45295.0,907.99
1704210060,45295.0,45312.0,45239.8,45278.1,1118.565
1704210120,45278.2,45290.0,45256.3,45269.9,220.411
1704210180,45270.0,45324.7,45269.9,45302.1,381.458
1704210240,45302.0,45331.6,45297.8,45314.9,389.923
1704210300,45314.9,45325.0,45291.6,45297.0,292.408
1704210360,45297.1,45302.9,45249.4,45252.7,302.953
1704210420,45252.7,45266.0,45218.6,45260.2,297.221
1704210480,45260.3,45271.0,45242.7,45264.7,150.777
1704210540,45264.6,45275.0,45230.4,45261.9,181.97
1704210600,45261.9,45283.6,45237.2,45283.5,167.654
1704210660,45283.6,45315.1,45283.5,45310.3,218.728
1704210720,45310.2,45310.3,45286.1,45293.4,93.534
1704210780,45293.4,45328.8,45286.5,45316.3,178.894
1704210840,45316.3,45335.5,45316.3,45329.5,221.049
1704210900,45329.4,45331.8,45294.7,45304.4,120.866
1704210960,45304.5,45305.3,45226.5,45238.6,202.87
1704211020,45238.7,45241.7,45183.8,45198.5,335.185
1704211080,45198.5,45201.8,45180.0,45187.6,164.56
1704211140,45187.5,45233.1,45187.5,45215.0,243.445
1704211200,45215.0,45298.9,45184.9,45298.9,383.091
1704211260,45298.8,45309.0,45209.0,45209.0,388.303
1704211320,45209.1,45300.0,45209.0,45296.7,185.828
1704211380,45296.7,45310.2,45267.9,45268.0,264.461
1704211440,45267.9,45293.0,45260.3,45289.3,114.921
1704211500,45289.4,45309.6,45274.2,45285.4,136.721
1704211560,45285.4,45291.2,45230.2,45230.3,145.895
1704211620,45230.3,45230.3,45160.9,45160.9,354.634
1704211680,45160.9,45167.3,45120.1,45124.2,678.462
1704211740,45124.3,45140.0,45109.5,45133.1,281.177
1704211800,45133.0,45150.0,45125.0,45143.8,189.174
1704211860,45143.8,45153.2,45079.6,45086.9,384.522
1704211920,45086.9,45114.8,45070.0,45072.6,387.133
1704211980,45072.5,45123.9,45051.8,45123.8,667.108
1704212040,45123.9,45140.9,45088.2,45123.5,253.282
1704212100,45123.4,45149.7,45076.0,45076.0,259.583
1704212160,45076.0,45133.0,45055.0,45106.7,299.964
1704212220,45106.7,45106.7,45065.3,45068.4,234.41
1704212280,45068.4,45088.6,45001.1,45017.5,737.241
1704212340,45017.6,45037.1,44973.7,45037.0,571.48
1704212400,45037.0,45037.1,44975.5,45002.8,358.946
1704212460,45002.8,45006.8,44932.5,45006.8,513.105
1704212520,45006.8,45057.9,44939.4,44939.4,595.18
1704212580,44939.4,44999.3,44918.0,44980.6,534.532
1704212640,44980.6,44999.3,44939.4,44955.2,365.074
1704212700,44955.3,45053.2,44944.7,45025.5,574.273
1704212760,45025.5,45156.8,45025.5,45139.6,703.266
1704212820,45141.5,45145.0,45098.0,45130.0,321.815
1704212880,45130.0,45196.1,45102.3,45196.1,414.722
1704212940,45196.0,45229.9,45175.2,45229.8,561.303
1704213000,45229.8,45229.9,45181.9,45189.9,265.031
1704213060,45189.9,45209.9,45156.9,45204.8,218.291
1704213120,45204.7,45277.1,45200.8,45277.0,547.363
1704213180,45277.0,45278.8,45237.0,45250.0,265.312
1704213240,45250.1,45280.0,45250.0,45273.2,170.517
1704213300,45273.1,45283.8,45243.0,45253.5,191.155
1704213360,45253.5,45264.7,45235.3,45238.7,139.305
1704213420,45238.7,45248.2,45171.4,45171.4,312.689
1704213480,45171.4,45171.5,45114.7,45134.9,371.13
1704213540,45134.9,45176.4,45106.0,45173.1,325.477
1704213600,45173.1,45226.4,45168.3,45220.1,334.034
1704213660,45220.1,45262.6,45207.2,45249.9,284.573
1704213720,45249.9,45258.1,45222.9,45251.0,115.579
1704213780,45251.1,45280.0,45241.0,45279.9,152.768
1704213840,45280.0,45294.3,45265.8,45279.0,227.018
1704213900,45279.0,45279.1,45224.0,45260.1,265.506
1704213960,45260.2,45299.7,45254.8,45299.6,193.103
1704214020,45299.7,45394.6,45299.6,45384.8,1036.264
1704214080,45384.8,45399.0,45353.6,45353.7,534.861
1704214140,45353.6,45447.9,45347.0,45442.4,864.993
1704214200,45442.4,45449.2,45366.2,45369.9,404.819
1704214260,45370.0,45419.5,45368.9,45382.2,230.871
1704214320,45382.2,45387.6,45332.6,45353.1,235.903
1704214380,45353.0,45394.2,45351.6,45359.0,248.649
1704214440,45359.1,45365.1,45342.0,45350.1,98.321
1704214500,45350.1,45409.8,45344.7,45363.2,224.112
1704214560,45363.1,45397.0,45363.1,45377.6,109.516
1704214620,45377.6,45414.7,45373.4,45406.0,256.453
1704214680,45406.0,45408.4,45370.5,45378.3,128.436
1704214740,45378.3,45397.9,45378.3,45393.4,71.848
1704214800,45393.4,45397.7,45340.8,45340.8,157.478
1704214860,45340.8,45423.5,45340.8,45419.8,278.59
1704214920,45419.9,45422.1,45357.1,45362.0,146.81
1704214980,45362.0,45375.1,45336.8,45337.3,115.751
1704215040,45337.4,45376.0,45337.4,45366.2,124.623
1704215100,45366.2,45366.3,45340.1,45344.0,104.738
1704215160,45344.1,45375.9,45344.0,45358.6,112.826
1704215220,45358.6,45390.0,45358.5,45382.2,120.975
1704215280,45382.2,45388.0,45360.9,45366.4,89.17
1704215340,45366.3,45382.1,45341.0,45370.9,89.388
1704215400,45370.9,45371.0,45313.1,45329.8,180.019
1704215460,45329.7,45343.0,45314.7,45327.1,94.899
1704215520,45327.1,45327.2,45309.0,45310.3,113.063
1704215580,45310.4,45311.9,45244.6,45267.8,488.463
1704215640,45267.8,45276.2,45240.6,45276.1,229.688
1704215700,45276.0,45303.6,45250.0,45301.5,193.824
1704215760,45301.5,45331.9,45276.0,45310.1,195.672
1704215820,45310.2,45320.0,45269.4,45272.0,190.302
1704215880,45272.0,45325.9,45252.6,45312.6,129.571
1704215940,45312.5,45313.0,45285.2,45295.3,167.036
1704216000,45295.3,45317.5,45280.3,45288.9,107.706
1704216060,45289.0,45312.8,45265.1,45288.1,153.056
1704216120,45288.1,45299.9,45269.4,45282.1,129.045
1704216180,45282.2,45294.6,45238.4,45244.9,169.758
1704216240,45245.7,45255.8,45203.2,45216.9,353.541
1704216300,45216.9,45258.7,45171.5,45257.2,441.203
1704216360,45257.2,45266.2,45234.5,45250.7,153.339
1704216420,45250.7,45250.7,45226.5,45248.2,70.716
1704216480,45248.2,45250.4,45212.0,45238.4,130.162
1704216540,45238.5,45251.9,45230.8,45236.0,80.686
1704216600,45236.1,45236.1,45159.3,45190.2,217.059
1704216660,45190.2,45206.0,45176.8,45187.5,115.841
1704216720,45187.6,45193.6,45102.0,45136.0,330.27
1704216780,45136.2,45145.6,45055.5,45083.1,369.962
1704216840,45083.1,45110.7,45078.0,45108.0,213.362
1704216900,45108.0,45135.4,45094.9,45098.7,208.186
1704216960,45098.7,45141.5,45098.7,45116.5,139.337
1704217020,45116.5,45140.8,45116.5,45138.0,142.838
1704217080,45138.0,45138.1,45081.4,45102.9,191.83
1704217140,45103.0,45103.0,45050.0,45055.6,252.905
1704217200,45055.6,45068.1,45037.5,45046.5,302.213
1704217260,45046.5,45046.5,44979.9,45014.3,652.778
1704217320,45014.4,45068.3,44986.4,45051.3,399.555
1704217380,45051.3,45119.7,45028.9,45101.2,423.763
1704217440,45101.2,45111.8,45083.2,45096.2,185.928
1704217500,45096.1,45149.0,45072.6,45134.4,383.021
1704217560,45134.3,45139.1,45051.2,45053.6,174.626
1704217620,45053.9,45070.6,45014.7,45036.8,316.587
1704217680,45036.9,45039.7,45000.3,45022.1,196.226
1704217740,45022.1,45034.8,45020.6,45022.8,174.376
1704217800,45022.7,45072.7,45010.6,45037.0,210.225
1704217860,45037.0,45054.0,45008.8,45032.8,338.624
1704217920,45032.8,45045.1,45013.3,45028.4,135.103
1704217980,45028.5,45040.1,45011.2,45027.7,161.508
1704218040,45027.6,45065.8,45017.0,45023.4,165.388
1704218100,45023.3,45067.2,45021.5,45067.2,112.538
1704218160,45067.1,45096.2,45054.3,45096.1,105.283
1704218220,45096.1,45102.3,45070.2,45070.3,176.743
1704218280,45070.3,45070.3,45011.0,45014.5,172.88
1704218340,45014.6,45026.7,44990.0,45001.2,245.288
1704218400,45001.3,45015.0,44981.4,45014.9,181.331
1704218460,45014.9,45073.2,45014.9,45066.0,266.796
1704218520,45065.3,45132.6,45043.4,45075.7,601.316
1704218580,45075.6,45151.4,45074.4,45150.9,301.373
1704218640,45150.8,45150.9,45105.0,45128.6,156.612
1704218700,45128.6,45148.8,45097.2,45097.3,207.029
1704218760,45097.3,45097.3,45051.1,45051.2,208.08
1704218820,45051.2,45078.3,45045.6,45056.3,139.157
1704218880,45056.3,45073.7,45026.0,45073.6,191.484
1704218940,45073.6,45073.7,45036.3,45043.2,112.432
1704219000,45043.2,45061.3,45018.8,45018.8,150.374
1704219060,45018.9,45031.3,45010.7,45012.1,169.125
1704219120,45012.2,45030.0,45011.4,45026.6,127.557
1704219180,45026.7,45072.4,45026.6,45049.3,91.555
1704219240,45049.4,45070.0,45049.4,45053.3,77.607
1704219300,45053.2,45078.6,45034.0,45050.3,145.047
1704219360,45050.1,45050.1,45016.2,45020.1,143.777
1704219420,45020.0,45027.5,44969.6,44969.7,332.501
1704219480,44969.7,45010.5,44969.6,44999.2,341.151
1704219540,44999.1,45017.3,44983.3,45017.1,216.681
1704219600,45017.2,45109.1,45001.9,45109.1,220.27
1704219660,45109.0,45137.9,45102.1,45131.4,200.237
1704219720,45131.4,45139.4,45091.0,45091.0,178.307
1704219780,45091.0,45123.3,45091.0,45119.2,90.416
1704219840,45119.2,45188.8,45119.1,45181.2,241.56
1704219900,45181.1,45181.2,45148.0,45167.3,166.43
1704219960,45167.4,45185.0,45158.7,45180.4,100.316
1704220020,45180.4,45185.0,45154.0,45154.0,59.707
1704220080,45154.1,45162.0,45120.5,45155.9,190.226
1704220140,45155.9,45173.8,45148.3,45157.0,82.668
1704220200,45157.0,45182.1,45139.3,45182.1,128.311
1704220260,45182.0,45229.1,45171.7,45228.3,254.205
1704220320,45228.3,45279.5,45228.3,45256.6,422.861
1704220380,45256.6,45295.7,45250.8,45294.5,360.049
1704220440,45294.4,45294.5,45265.1,45267.5,141.051
1704220500,45267.4,45308.4,45255.0,45287.3,489.546
1704220560,45287.4,45290.0,45255.1,45255.1,99.112
1704220620,45255.2,45264.0,45240.2,45247.9,170.256
1704220680,45247.9,45248.8,45216.9,45236.5,117.58
1704220740,45236.5,45240.2,45216.5,45224.0,109.06
1704220800,45224.0,45224.0,45190.2,45196.0,133.446
1704220860,45196.1,45223.0,45193.0,45193.1,129.688
1704220920,45193.1,45207.7,45174.5,45174.5,144.432
1704220980,45174.6,45174.6,45140.9,45140.9,103.609
1704221040,45141.0,45141.0,45101.7,45111.6,320.512
1704221100,45111.7,45150.7,45085.0,45150.7,331.108
1704221160,45150.7,45198.2,45150.7,45198.1,173.949
1704221220,45198.1,45229.8,45192.9,45193.0,160.759
1704221280,45192.9,45207.5,45176.6,45198.0,87.502
1704221340,45197.9,45212.6,45197.9,45207.6,40.008
1704221400,45207.5,45207.5,45172.2,45176.3,125.754
1704221460,45176.4,45194.4,45163.1,45189.9,105.405
1704221520,45189.8,45195.8,45147.5,45160.9,95.578
1704221580,45160.9,45170.1,45152.6,45167.8,43.028
1704221640,45167.8,45167.9,45151.6,45151.6,38.514
1704221700,45151.7,45257.4,45137.1,45257.3,377.291
1704221760,45257.3,45264.5,45211.0,45211.0,288.307
1704221820,45211.1,45214.0,45179.2,45182.9,87.493
1704221880,45182.9,45188.9,45168.7,45171.0,54.676
1704221940,45171.1,45189.0,45166.1,45189.0,57.085
1704222000,45188.9,45221.5,45165.9,45201.7,158.427
1704222060,45201.6,45217.1,45188.0,45201.1,131.693
1704222120,45201.0,45201.1,45188.6,45198.2,54.525
1704222180,45198.3,45256.3,45198.3,45253.3,155.5
1704222240,45253.3,45254.8,45241.3,45253.3,151.306
1704222300,45253.3,45286.9,45246.0,45252.1,301.961
1704222360,45252.0,45257.0,45225.0,45225.0,102.997
1704222420,45225.0,45227.0,45193.1,45193.2,134.525
1704222480,45193.1,45203.5,45182.8,45196.9,70.079
1704222540,45196.9,45197.0,45154.0,45154.0,67.049
1704222600,45154.1,45172.0,45144.1,45169.4,137.045
1704222660,45169.3,45181.7,45154.0,45174.2,94.404
1704222720,45174.2,45210.0,45169.9,45177.1,116.709
1704222780,45177.1,45177.2,45160.8,45164.5,59.555
1704222840,45164.5,45172.7,45155.6,45161.6,61.244
1704222900,45161.6,45177.9,45136.1,45159.7,136.249
1704222960,45159.7,45198.0,45159.6,45188.3,85.349
1704223020,45188.2,45205.0,45188.2,45199.3,51.201
1704223080,45199.2,45199.3,45167.6,45170.6,64.011
1704223140,45170.6,45180.6,45143.1,45147.4,52.493
1704223200,45147.3,45147.3,45122.4,45137.0,128.074
1704223260,45137.1,45144.4,45111.5,45116.7,145.564
1704223320,45116.7,45122.1,45095.0,45102.0,255.24
1704223380,45101.1,45101.1,44981.1,44994.2,1006.294
1704223440,44994.3,45022.9,44994.3,45000.3,354.577
1704223500,45000.3,45023.1,44920.0,44930.0,999.197
1704223560,44930.0,44954.2,44911.0,44919.9,601.269
1704223620,44920.0,44955.0,44783.3,44850.8,2211.475
1704223680,44850.8,44899.2,44820.1,44885.7,756.164
1704223740,44885.6,44928.4,44858.8,44902.2,408.122
1704223800,44902.1,44910.1,44837.1,44864.8,391.103
1704223860,44864.9,44881.6,44838.0,44863.2,287.825
1704223920,44863.2,44968.2,44863.1,44968.2,311.298
1704223980,44968.1,44984.2,44949.0,44984.2,252.808
1704224040,44984.1,45018.0,44969.7,45016.9,425.314
1704224100,45016.9,45027.4,44988.0,45004.0,214.22
1704224160,45003.5,45010.0,44976.3,44985.7,160.373
1704224220,44985.4,45010.8,44976.2,45010.8,121.18
1704224280,45010.7,45100.0,45010.7,45062.6,562.923
1704224340,45062.5,45067.3,45023.1,45023.1,159.001
1704224400,45023.2,45048.6,45010.0,45024.0,88.311
1704224460,45024.1,45052.3,45012.6,45042.6,93.558
1704224520,45042.5,45042.6,44982.8,44994.0,173.613
1704224580,44994.1,45017.0,44989.0,44989.1,56.747
1704224640,44989.0,44994.4,44980.7,44990.0,53.868
1704224700,44989.9,45035.0,44982.5,45035.0,142.622
1704224760,45035.7,45060.8,45003.8,45060.8,201.217
1704224820,45060.7,45066.0,45049.3,45056.9,113.035
1704224880,45056.8,45083.8,45044.9,45080.0,99.839
1704224940,45079.9,45083.7,45057.6,45057.6,110.199
1704225000,45057.5,45074.9,45054.4,45069.7,101.676
1704225060,45069.7,45083.6,45052.9,45074.8,65.101
1704225120,45074.4,45077.0,45070.1,45076.0,29.263
1704225180,45075.9,45078.8,44987.4,45001.3,184.077
1704225240,45001.4,45003.0,44948.0,44956.5,237.848
1704225300,44956.6,44963.7,44906.8,44921.6,463.574
1704225360,44921.7,45050.9,44921.6,45050.7,447.634
1704225420,45050.7,45153.2,45050.6,45133.1,894.559
1704225480,45133.0,45133.0,45078.3,45078.3,163.273
1704225540,45078.4,45086.3,45060.7,45073.2,116.384
1704225600,45073.3,45081.1,44985.3,45016.2,378.886
1704225660,45016.2,45028.7,44998.3,45028.7,132.5
1704225720,45028.6,45029.4,44974.6,45017.8,213.581
1704225780,45017.9,45140.5,45011.6,45113.9,688.251
1704225840,45112.3,45120.0,45102.2,45107.3,133.722
1704225900,45107.4,45114.0,45086.6,45109.4,104.847
1704225960,45109.6,45120.0,45081.4,45120.0,92.842
1704226020,45119.9,45190.0,45119.9,45149.4,522.64
1704226080,45149.0,45177.0,45126.0,45140.2,507.266
1704226140,45140.2,45182.6,45140.1,45147.3,264.42
1704226200,45147.3,45166.8,45131.9,45131.9,303.876
1704226260,45131.9,45157.0,45131.7,45139.8,286.674
1704226320,45139.7,45147.0,45111.1,45147.0,151.51
1704226380,45147.0,45148.4,45120.2,45129.0,120.845
1704226440,45129.0,45155.0,45125.6,45130.0,155.061
1704226500,45130.0,45140.0,45092.8,45133.3,293.464
1704226560,45133.3,45200.0,45133.3,45189.5,371.208
1704226620,45189.4,45223.1,45187.4,45187.4,265.568
1704226680,45187.4,45200.3,45158.1,45158.1,283.945
1704226740,45158.2,45177.1,45151.5,45155.4,112.595
1704226800,45155.5,45162.4,45132.8,45132.8,252.608
1704226860,45132.8,45132.8,45033.3,45044.8,434.63
1704226920,45044.8,45062.0,45031.3,45041.9,203.407
1704226980,45041.8,45041.9,45003.6,45027.1,152.279
1704227040,45027.1,45060.4,45018.7,45057.3,83.751
1704227100,45057.4,45081.6,45030.0,45069.7,149.156
1704227160,45069.8,45069.8,45045.9,45045.9,44.818
1704227220,45045.8,45045.8,45001.6,45005.2,155.892
1704227280,45005.1,45021.9,45001.1,45007.0,107.265
1704227340,45007.0,45014.0,44961.5,44987.6,260.012
1704227400,44987.6,45019.4,44975.6,45019.4,131.072
1704227460,45019.4,45023.9,44976.3,44990.0,97.114
1704227520,44990.0,44990.0,44960.4,44962.7,86.293
1704227580,44962.7,44988.9,44945.0,44981.1,136.597
1704227640,44981.1,44988.5,44969.2,44969.2,52.213
1704227700,44969.2,44989.7,44964.6,44977.2,82.21
1704227760,44977.2,44982.4,44941.0,44962.4,95.903
1704227820,44962.4,44966.5,44931.1,44934.3,124.774
1704227880,44934.3,44942.8,44919.0,44931.2,98.757
1704227940,44931.2,44939.7,44875.6,44884.4,447.268
1704228000,44884.4,44889.0,44864.5,44887.6,241.369
1704228060,44887.5,44932.0,44865.2,44915.7,314.301
1704228120,44915.6,44940.4,44915.6,44937.4,142.282
1704228180,44937.5,44938.1,44880.3,44880.4,127.502
1704228240,44880.4,44883.8,44850.0,44867.8,419.388
1704228300,44867.8,44935.4,44867.8,44910.2,453.289
1704228360,44910.2,44968.9,44910.2,44964.3,92.361
1704228420,44964.4,45032.0,44954.2,45016.9,555.155
1704228480,45016.9,45017.0,44905.3,44907.6,254.951
1704228540,44907.5,44919.9,44870.1,44872.0,444.278
1704228600,44872.0,44906.0,44870.0,44894.2,210.694
1704228660,44894.1,44897.6,44876.1,44877.7,80.711
1704228720,44877.8,44885.7,44829.0,44832.5,434.76
1704228780,44832.6,44865.0,44762.4,44856.3,1278.079
1704228840,44856.2,44913.4,44845.7,44876.7,423.839
1704228900,44876.7,44897.3,44842.3,44895.6,206.741
1704228960,44895.7,44911.6,44858.0,44867.2,271.935
1704229020,44867.2,44900.1,44854.2,44879.8,102.858
1704229080,44879.8,44885.8,44856.7,44860.1,101.881
1704229140,44860.0,44862.8,44812.8,44825.2,294.187
1704229200,44825.1,44865.0,44801.9,44836.1,277.731
1704229260,44836.0,44851.9,44707.3,44768.5,1653.846
1704229320,44768.8,44843.0,44755.2,44774.9,393.671
1704229380,44775.0,44803.9,44748.2,44752.4,237.228
1704229440,44752.4,44821.0,44598.0,44812.0,2711.148
1704229500,44812.1,44834.1,44771.6,44789.9,375.551
1704229560,44789.8,44797.6,44739.8,44746.3,287.424
1704229620,44746.4,44758.0,44691.4,44746.6,264.046
1704229680,44746.6,44757.4,44699.2,44736.0,319.713
1704229740,44735.9,44736.0,44683.6,44717.8,365.43
1704229800,44717.8,44754.4,44667.6,44754.4,328.058
1704229860,44754.3,44797.9,44740.8,44793.8,372.873
1704229920,44793.7,44843.0,44781.9,44838.9,346.58
1704229980,44838.8,44861.0,44835.7,44855.1,211.272
1704230040,44855.0,44885.0,44838.7,44883.9,301.252
1704230100,44884.0,44946.4,44865.7,44940.7,673.01
1704230160,44940.6,44965.0,44903.2,44919.8,355.901
1704230220,44919.8,44934.9,44889.1,44905.8,224.301
1704230280,44905.8,44952.1,44887.1,44914.0,250.962
1704230340,44913.9,44975.1,44907.9,44975.0,183.052
1704230400,44975.1,44977.9,44940.3,44945.6,133.602
1704230460,44945.6,44964.8,44931.9,44963.5,124.11
1704230520,44963.6,44967.9,44930.2,44933.7,96.701
1704230580,44933.8,44972.3,44933.7,44946.8,149.347
1704230640,44946.7,44964.2,44928.7,44964.2,91.239
1704230700,44964.1,44964.2,44924.2,44924.3,93.228
1704230760,44924.2,44966.7,44924.2,44940.3,113.102
1704230820,44940.3,44953.5,44917.6,44923.3,97.534
1704230880,44923.2,44923.2,44887.1,44899.2,167.685
1704230940,44899.3,44902.0,44831.2,44844.3,338.766
1704231000,44845.0,44871.0,44811.3,44871.0,304.779
1704231060,44871.0,44913.2,44871.0,44913.2,116.301
1704231120,44913.1,44972.8,44913.1,44963.3,280.94
1704231180,44963.3,44990.1,44943.3,44981.7,342.119
1704231240,44981.7,44981.7,44962.8,44974.0,68.182
1704231300,44974.1,44977.0,44945.6,44957.8,73.341
1704231360,44957.8,44957.8,44918.2,44918.2,79.748
1704231420,44918.3,44942.4,44902.3,44912.2,124.24
1704231480,44912.3,44912.3,44894.2,44904.8,98.349
1704231540,44904.8,44944.7,44892.5,44942.7,81.224
1704231600,44942.7,44985.7,44932.4,44975.6,146.185
1704231660,44975.5,44990.1,44961.3,44990.1,109.155
1704231720,44990.0,45055.5,44987.0,45015.6,377.234
1704231780,45015.5,45015.6,45003.7,45003.7,54.157
1704231840,45003.8,45003.8,44980.0,44980.0,85.065
1704231900,44980.0,44990.7,44953.4,44981.8,152.289
1704231960,44981.8,44992.8,44957.1,44992.8,79.509
1704232020,44992.8,45026.4,44992.8,45023.4,103.757
1704232080,45023.4,45078.5,45023.4,45049.9,319.13
1704232140,45049.9,45090.0,45040.7,45086.0,393.53
1704232200,45085.9,45087.7,45041.9,45041.9,87.987
1704232260,45041.9,45080.0,45036.7,45072.0,85.769
1704232320,45072.1,45085.6,45058.6,45079.0,108.921
1704232380,45079.0,45127.8,45057.4,45077.3,481.204
1704232440,45077.4,45094.1,45062.6,45074.5,98.595
1704232500,45074.5,45074.5,45057.4,45065.8,85.896
1704232560,45065.8,45065.9,45040.0,45062.8,92.74
1704232620,45062.9,45092.7,45057.6,45081.4,55.357
1704232680,45081.4,45099.3,45076.8,45076.8,88.382
1704232740,45076.8,45155.0,45064.5,45155.0,808.538
1704236400,45006.7,45016.4,44970.0,44999.1,208.353
1704236460,44999.1,45018.8,44986.9,45016.3,91.505
1704236520,45016.3,45020.0,44992.6,45015.5,84.246
1704236580,45015.4,45015.5,44974.2,44992.3,81.831
1704236640,44992.3,44997.0,44965.3,44965.3,104.61
1704236700,44965.3,44987.4,44955.6,44980.8,166.88
1704236760,44980.9,45000.0,44972.7,44998.6,110.961
1704236820,44998.6,45002.2,44977.4,44992.2,143.977
1704236880,44992.1,45015.4,44985.0,45006.0,109.269
1704236940,45006.0,45027.0,45005.9,45021.4,58.323
1704237000,45021.5,45042.9,45021.5,45033.4,104.799
1704237060,45033.5,45033.5,44993.8,45006.3,102.345
1704237120,45006.2,45015.0,44992.4,45012.3,62.504
1704237180,45012.4,45026.3,45006.4,45021.6,49.656
1704237240,45021.6,45022.6,45011.5,45018.7,54.585
1704237300,45018.7,45018.7,44985.5,45003.0,91.174
1704237360,45003.0,45017.6,45002.9,45017.6,21.138
1704237420,45017.6,45055.4,45007.9,45052.1,98.291
1704237480,45052.1,45078.6,45052.1,45071.8,130.591
1704237540,45071.8,45071.8,45032.9,45033.1,159.839
1704237600,45033.1,45033.1,44994.1,44994.1,176.12
1704237660,44994.2,45032.7,44994.1,45027.0,59.848
1704237720,45027.0,45032.4,45011.6,45032.4,50.228
1704237780,45032.4,45057.1,45027.9,45046.9,179.854
1704237840,45046.9,45070.9,45045.5,45060.7,201.083
1704237900,45060.8,45083.1,45053.7,45055.1,116.067
1704237960,45055.0,45067.9,45001.4,45002.1,191.155
1704238020,45002.1,45010.9,44989.6,44999.1,115.722
1704238080,44999.0,44999.2,44987.0,44997.2,48.737
1704238140,44994.6,44999.2,44994.3,44999.1,22.729
1704238200,44999.0,44999.1,44983.0,44983.0,79.393
1704238260,44983.1,44993.0,44975.0,44988.1,50.254
1704238320,44988.1,44988.1,44932.2,44932.2,194.143
1704238380,44932.3,44977.9,44929.0,44973.0,80.339
1704238440,44971.8,44971.8,44937.9,44949.7,103.563
1704238500,44949.7,44960.1,44940.6,44955.6,41.13
1704238560,44955.6,44955.7,44936.7,44951.1,61.384
1704238620,44951.1,44951.1,44883.5,44891.5,412.73
1704238680,44891.5,44908.5,44853.7,44867.6,472.066
1704238740,44867.6,44893.8,44867.6,44886.2,87.344
1704238800,44886.2,44914.0,44886.2,44913.9,61.54
1704238860,44913.9,44929.4,44905.1,44908.5,50.702
1704238920,44908.5,44908.5,44894.4,44901.1,38.947
1704238980,44901.1,44905.0,44876.8,44876.8,102.877
1704239040,44876.8,44876.8,44818.1,44860.8,369.458
1704239100,44860.9,44866.8,44853.5,44859.5,74.93
1704239160,44859.4,44869.8,44847.9,44867.0,100.917
1704239220,44867.0,44867.0,44833.3,44833.4,55.734
1704239280,44833.3,44863.9,44830.2,44863.1,105.87
1704239340,44863.1,44865.0,44851.7,44859.4,90.931
1704239400,44859.4,44900.9,44841.5,44900.8,186.729
1704239460,44900.9,44931.4,44899.1,44929.6,130.09
1704239520,44929.6,44960.6,44929.5,44957.3,161.872
1704239580,44957.3,45018.8,44954.1,45007.8,595.184
1704239640,45007.7,45007.8,44974.0,44983.6,138.418
1704239700,44983.6,45008.0,44969.9,44970.0,109.223
1704239760,44969.9,44979.8,44963.6,44963.6,60.404
1704239820,44963.6,44963.6,44950.0,44958.7,57.431
1704239880,44958.8,44966.0,44958.7,44959.9,32.56
1704239940,44959.9,44979.8,44958.8,44979.8,46.435
1704240000,44979.7,45035.4,44979.7,45035.4,230.222
1704240060,45035.4,45060.0,45009.9,45037.1,226.237
1704240120,45037.1,45067.2,45028.0,45033.7,200.353
1704240180,45033.7,45051.7,45033.7,45035.8,86.678
1704240240,45035.8,45035.9,44980.0,44988.6,127.472
1704240300,44988.6,45009.2,44964.9,45009.2,177.099
1704240360,45009.3,45035.0,44991.2,45033.3,170.041
1704240420,45033.4,45099.8,45032.3,45071.9,396.206
1704240480,45071.8,45074.1,45029.6,45037.4,94.674
1704240540,45037.4,45058.7,45012.0,45046.5,147.319
1704240600,45046.4,45075.5,45038.2,45061.4,90.865
1704240660,45061.5,45064.3,44997.1,44997.1,137.351
1704240720,44997.2,45018.2,44977.9,45018.2,156.316
1704240780,45018.1,45027.4,45008.8,45012.3,57.223
1704240840,45012.4,45044.3,45012.3,45042.3,71.984
1704240900,45042.3,45050.7,45019.5,45019.5,115.789
1704240960,45019.6,45034.2,45010.5,45010.5,69.616
1704241020,45010.6,45010.6,44978.0,44994.0,244.936
1704241080,44993.9,45029.6,44974.5,44979.9,303.126
1704241140,44979.9,44990.1,44975.3,44986.8,73.69
1704241200,44986.8,45001.1,44978.2,45001.1,47.893
1704241260,45001.4,45016.9,44988.1,44994.7,61.079
1704241320,44994.8,44994.8,44966.7,44973.3,88.895
1704241380,44973.3,44985.0,44962.3,44967.9,56.821
1704241440,44967.9,45005.8,44967.9,45005.8,77.441
1704241500,45005.8,45009.8,44979.9,44980.0,31.1
1704241560,44979.9,44979.9,44952.9,44953.0,47.846
1704241620,44952.9,44953.0,44912.3,44917.2,175.958
1704241680,44917.2,44917.2,44895.8,44908.2,142.897
1704241740,44908.2,44943.0,44900.0,44929.2,89.037
1704241800,44929.1,44946.7,44907.7,44942.0,129.421
1704241860,44941.9,45026.1,44939.2,45023.5,233.748
1704241920,45023.5,45049.5,45019.2,45039.5,177.439
1704241980,45039.4,45043.9,45024.3,45037.0,75.957
1704242040,45037.0,45039.5,45023.5,45031.2,59.34
1704242100,45031.2,45050.0,45031.2,45045.0,111.105
1704242160,45045.0,45050.0,45017.1,45017.1,176.182
1704242220,45017.1,45040.4,45007.6,45031.7,94.702
1704242280,45031.7,45075.0,45031.1,45038.4,462.266
1704242340,45038.4,45060.0,45033.6,45058.8,85.082
1704242400,45058.8,45092.4,45058.8,45092.3,87.42
1704242460,45092.3,45099.7,45090.5,45095.3,83.132
1704242520,45095.2,45095.3,45083.0,45087.8,82.414
1704242580,45087.9,45113.8,45077.2,45113.8,112.7
1704242640,45113.7,45188.1,45112.8,45188.1,750.034
1704242700,45188.0,45198.1,45142.7,45150.2,260.691
1704242760,45150.2,45188.1,45133.9,45188.1,381.857
1704242820,45188.1,45225.9,45180.3,45214.8,336.946
1704242880,45214.9,45215.4,45180.1,45193.2,201.115
1704242940,45193.3,45224.8,45170.9,45219.5,221.896
1704243000,45219.6,45223.4,45193.4,45215.8,177.593
1704243060,45215.9,45250.7,45215.8,45237.7,276.207
1704243120,45237.6,45237.6,45156.1,45158.2,222.358
1704243180,45158.3,45181.7,45156.1,45177.8,81.891
1704243240,45177.9,45177.9,45071.8,45083.1,677.778
1704243300,45083.0,45126.6,45083.0,45124.4,88.948
1704243360,45124.4,45156.5,45119.9,45155.2,70.559
1704243420,45155.2,45163.6,45142.7,45148.8,63.914
1704243480,45148.9,45170.0,45148.8,45170.0,37.055
1704243540,45169.9,45178.0,45168.0,45168.1,75.258
1704243600,45168.0,45168.1,45146.0,45165.3,67.017
1704243660,45165.2,45182.3,45134.6,45182.3,98.728
1704243720,45182.4,45209.6,45172.1,45183.8,136.306
1704243780,45183.7,45209.9,45183.7,45209.8,94.374
1704243840,45209.8,45237.6,45200.0,45237.4,141.66
1704243900,45237.4,45237.4,45204.1,45204.2,132.239
1704243960,45204.1,45230.0,45193.6,45218.9,116.418
1704244020,45218.8,45243.8,45217.3,45228.1,129.981
1704244080,45228.0,45257.7,45208.0,45239.8,263.595
1704244140,45239.7,45245.1,45224.2,45235.4,65.893
1704244200,45235.5,45240.9,45217.5,45235.4,68.117
1704244260,45235.3,45239.4,45215.0,45225.9,105.594
1704244320,45225.9,45237.8,45215.0,45224.7,72.493
1704244380,45224.7,45226.9,45212.1,45226.8,34.817
1704244440,45226.8,45236.6,45209.6,45215.5,75.398
1704244500,45215.5,45215.5,45183.4,45185.2,69.183
1704244560,45185.2,45201.5,45185.2,45199.9,52.287
1704244620,45199.9,45207.8,45180.9,45197.6,73.305
1704244680,45197.6,45215.5,45192.8,45215.5,27.649
1704244740,45215.4,45226.9,45206.5,45209.6,42.36
1704244800,45209.7,45225.4,45193.0,45225.3,49.611
1704244860,45225.4,45252.0,45215.5,45252.0,85.205
1704244920,45252.0,45265.5,45241.0,45241.0,120.793
1704244980,45241.0,45241.1,45211.3,45212.5,109.16
1704245040,45212.4,45236.9,45209.5,45235.5,59.821
1704245100,45235.5,45248.2,45206.7,45206.7,41.893
1704245160,45206.8,45219.0,45206.7,45211.1,40.856
1704245220,45211.1,45224.0,45206.5,45211.6,42.102
1704245280,45211.6,45218.0,45190.0,45194.4,62.109
1704245340,45194.4,45200.0,45189.8,45189.9,30.223
1704245400,45189.8,45193.0,45154.6,45156.5,114.958
1704245460,45156.5,45156.6,45134.2,45151.2,90.313
1704245520,45151.3,45176.5,45145.8,45174.5,54.269
1704245580,45174.5,45188.0,45162.9,45187.9,71.282
1704245640,45187.9,45193.2,45177.7,45192.7,52.635
1704245700,45192.6,45229.5,45192.6,45215.7,77.479
1704245760,45215.7,45241.3,45215.7,45236.3,59.586
1704245820,45236.3,45236.4,45222.0,45222.1,60.783
1704245880,45222.1,45232.5,45214.8,45214.8,43.507
1704245940,45214.9,45228.2,45211.5,45225.7,28.164
1704246000,45225.7,45265.5,45210.1,45261.8,195.421
1704246060,45261.8,45275.0,45261.8,45275.0,92.298
1704246120,45275.0,45275.0,45225.7,45243.6,145.745
1704246180,45243.7,45281.8,45237.4,45279.9,142.1
1704246240,45279.4,45282.0,45268.2,45273.5,72.149
1704246300,45273.5,45273.5,45253.7,45261.7,103.268
1704246360,45261.3,45266.9,45239.5,45241.7,94.508
1704246420,45241.8,45270.0,45238.3,45258.9,117.087
1704246480,45259.0,45259.4,45246.8,45257.7,46.764
1704246540,45257.7,45264.3,45254.1,45259.9,68.664
1704246600,45259.9,45282.7,45249.5,45282.7,89.289
1704246660,45282.6,45304.7,45266.8,45304.6,280.84
1704246720,45304.6,45354.6,45300.0,45344.6,626.195
1704246780,45344.5,45379.2,45340.3,45347.8,417.682
1704246840,45347.9,45357.2,45327.7,45333.8,144.759
1704246900,45333.7,45333.8,45309.3,45309.3,94.845
1704246960,45309.3,45335.9,45288.2,45329.6,232.857
1704247020,45329.5,45329.5,45312.6,45318.1,68.967
1704247080,45318.2,45334.0,45311.7,45326.8,51.44
1704247140,45326.8,45357.9,45326.8,45347.8,177.322
1704247200,45347.8,45374.7,45347.8,45362.7,226.101
1704247260,45362.7,45399.4,45362.7,45367.4,277.968
1704247320,45367.4,45370.5,45356.6,45357.8,104.261
1704247380,45357.8,45400.0,45357.8,45399.9,141.964
1704247440,45399.9,45425.0,45387.3,45398.1,338.597
1704247500,45398.0,45431.8,45398.0,45417.5,267.626
1704247560,45417.4,45432.7,45400.0,45429.9,208.706
1704247620,45429.9,45431.3,45421.9,45428.9,108.696
1704247680,45428.9,45463.5,45383.7,45383.7,431.078
1704247740,45383.8,45389.0,45362.0,45375.9,156.434
1704247800,45375.9,45384.9,45366.9,45377.4,93.877
1704247860,45377.4,45415.3,45371.8,45401.5,183.955
1704247920,45401.5,45431.0,45391.9,45395.2,171.283
1704247980,45395.2,45398.5,45333.3,45336.8,241.491
1704248040,45336.8,45343.7,45309.3,45312.1,232.998
1704248100,45312.0,45313.0,45280.0,45294.9,193.92
1704248160,45295.0,45297.0,45271.3,45274.7,170.386
1704248220,45274.7,45280.0,45251.7,45280.0,190.688
1704248280,45279.9,45337.2,45270.9,45337.2,123.47
1704248340,45337.1,45337.1,45280.5,45284.4,208.666
1704248400,45284.4,45292.9,45277.0,45278.6,99.677
1704248460,45278.5,45297.1,45264.1,45297.1,123.402
1704248520,45297.1,45343.8,45291.4,45334.2,154.869
1704248580,45334.2,45341.5,45324.8,45334.3,66.66
1704248640,45334.3,45334.3,45315.1,45315.1,53.876
1704248700,45315.1,45322.5,45313.3,45313.4,43.068
1704248760,45313.4,45362.0,45309.0,45353.6,129.317
1704248820,45353.5,45356.4,45333.1,45337.9,91.008
1704248880,45337.5,45343.6,45318.8,45343.6,166.75
1704248940,45343.6,45361.5,45343.6,45353.0,50.844
1704249000,45353.0,45370.0,45344.7,45344.7,116.551
1704249060,45344.7,45387.7,45340.2,45373.6,86.888
1704249120,45373.6,45379.0,45363.2,45363.2,51.807
1704249180,45363.2,45380.0,45363.2,45373.2,59.718
1704249240,45373.1,45389.7,45373.1,45385.0,64.767
1704249300,45385.0,45385.0,45333.0,45333.0,140.901
1704249360,45333.0,45333.1,45285.0,45305.2,220.75
1704249420,45305.1,45311.0,45290.3,45303.7,98.187
1704249480,45303.7,45308.6,45290.3,45305.0,64.972
1704249540,45305.0,45305.0,45300.0,45303.5,19.978
1704249600,45303.4,45308.5,45303.4,45303.5,30.562
1704249660,45303.5,45308.9,45283.2,45283.3,74.763
1704249720,45283.2,45314.4,45283.2,45314.3,65.333
1704249780,45314.3,45314.4,45305.3,45312.5,50.635
1704249840,45312.5,45319.2,45302.4,45307.3,80.773
1704249900,45307.3,45309.0,45301.3,45302.6,32.981
1704249960,45302.5,45302.6,45274.1,45276.6,60.275
1704250020,45276.7,45285.5,45270.0,45272.1,72.705
1704250080,45272.2,45296.7,45269.9,45290.0,99.318
1704250140,45289.9,45293.5,45289.9,45293.5,20.943
1704250200,45293.4,45302.6,45286.4,45286.7,40.108
1704250260,45286.7,45292.6,45271.2,45271.4,52.421
1704250320,45271.3,45278.5,45270.4,45277.8,54.272
1704250380,45277.8,45287.0,45253.8,45268.8,96.773
1704250440,45268.8,45274.6,45263.4,45274.5,61.888
1704250500,45274.5,45286.8,45274.5,45275.2,30.105
1704250560,45275.2,45294.1,45275.2,45294.0,29.646
1704250620,45294.1,45302.2,45290.0,45302.2,55.204
1704250680,45302.1,45321.4,45302.1,45310.1,91.686
1704250740,45310.2,45312.7,45298.2,45312.7,40.303
1704250800,45312.6,45331.7,45307.8,45312.3,69.341
1704250860,45312.3,45325.9,45312.3,45317.5,35.702
1704250920,45317.5,45320.9,45307.1,45316.1,25.289
1704250980,45316.1,45316.2,45298.2,45302.2,30.427
1704251040,45302.2,45315.9,45299.3,45302.7,33.317
1704251100,45302.7,45302.8,45283.7,45286.8,56.17
1704251160,45286.8,45286.8,45277.2,45277.2,62.881
1704251220,45277.2,45277.7,45270.1,45277.0,97.62
1704251280,45277.0,45277.1,45264.5,45264.5,24.087
1704251340,45264.5,45264.6,45225.7,45241.5,317.053
1704251400,45241.5,45259.3,45229.5,45229.6,126.432
1704251460,45229.6,45245.5,45225.6,45244.5,81.607
1704251520,45244.5,45254.9,45236.0,45254.8,121.453
1704251580,45254.9,45291.0,45254.9,45291.0,93.635
1704251640,45291.0,45335.2,45290.9,45312.8,106.726
1704251700,45312.8,45325.0,45312.8,45317.0,91.97
1704251760,45316.9,45317.0,45297.7,45299.9,76.793
1704251820,45299.9,45346.8,45299.9,45342.4,97.889
1704251880,45342.4,45342.5,45329.2,45330.0,53.812
1704251940,45330.0,45332.1,45315.2,45315.2,51.74
1704252000,45315.2,45315.3,45290.4,45290.4,49.88
1704252060,45290.4,45290.5,45266.4,45269.9,48.082
1704252120,45269.8,45272.1,45262.5,45270.9,33.789
1704252180,45271.0,45271.0,45263.3,45263.4,28.811
1704252240,45263.3,45267.8,45263.3,45267.1,24.338
1704252300,45267.1,45298.0,45255.6,45298.0,79.867
1704252360,45297.9,45299.6,45291.1,45299.6,42.561
1704252420,45299.5,45299.6,45267.1,45270.2,52.408
1704252480,45270.2,45273.4,45254.9,45255.0,49.396
1704252540,45254.9,45273.1,45254.9,45266.6,63.378
1704252600,45266.5,45271.1,45240.4,45252.1,62.059
1704252660,45252.1,45273.1,45235.5,45241.0,76.05
1704252720,45241.1,45242.6,45227.6,45230.8,64.829
1704252780,45230.8,45242.6,45230.8,45238.1,39.929
1704252840,45238.1,45238.2,45228.4,45228.5,29.544
1704252900,45228.4,45234.6,45217.9,45223.5,66.908
1704252960,45223.5,45223.6,45210.0,45215.9,56.619
1704253020,45215.9,45221.5,45188.0,45212.8,353.56
1704253080,45212.8,45221.8,45203.8,45221.7,42.592
1704253140,45221.7,45221.9,45217.2,45221.9,26.516
1704253200,45221.8,45244.3,45221.8,45237.5,41.455
1704253260,45237.5,45237.6,45219.0,45223.4,59.197
1704253320,45223.4,45245.6,45223.4,45240.3,40.059
1704253380,45240.3,45244.0,45237.2,45237.3,36.174
1704253440,45237.3,45243.7,45236.8,45236.9,44.135
1704253500,45236.8,45250.7,45236.8,45248.4,36.077
1704253560,45248.3,45262.5,45237.2,45237.2,59.666
1704253620,45237.2,45249.4,45237.2,45241.8,19.18
1704253680,45241.8,45250.0,45241.8,45243.6,21.867
1704253740,45243.7,45266.4,45243.6,45266.4,61.837
1704253800,45266.4,45279.0,45226.2,45228.5,70.037
1704253860,45228.5,45228.6,45215.4,45226.2,33.97
1704253920,45226.1,45247.4,45220.8,45243.5,52.167
1704253980,45243.5,45246.9,45240.3,45244.8,19.551
1704254040,45244.8,45260.2,45244.7,45260.1,17.882
1704254100,45260.2,45265.1,45253.8,45265.1,27.512
1704254160,45265.1,45270.0,45265.0,45269.5,22.748
1704254220,45269.4,45275.5,45266.6,45275.5,25.743
1704254280,45275.5,45286.9,45270.6,45286.9,34.378
1704254340,45286.9,45300.7,45286.8,45297.8,148.773
1704254400,45297.8,45306.4,45279.1,45279.1,85.662
1704254460,45279.1,45279.2,45272.4,45272.4,33.252
1704254520,45272.4,45278.1,45272.4,45274.6,34.218
1704254580,45274.6,45274.6,45269.4,45271.7,27.968
1704254640,45271.7,45271.8,45260.0,45262.1,48.325
1704254700,45262.2,45265.0,45246.8,45246.8,59.814
1704254760,45246.8,45248.9,45245.1,45245.1,32.683
1704254820,45245.1,45266.5,45242.2,45254.1,159.195
1704254880,45254.1,45261.4,45242.0,45244.2,52.233
1704254940,45244.3,45247.4,45220.1,45225.0,166.967
1704255000,45224.9,45226.4,45223.2,45223.3,54.338
1704255060,45223.2,45266.8,45223.2,45266.8,84.378
1704255120,45266.7,45266.8,45236.7,45241.2,56.538
1704255180,45241.1,45253.1,45241.1,45250.9,36.434
1704255240,45250.8,45259.1,45250.8,45259.0,17.199
1704255300,45259.1,45267.6,45259.0,45265.0,45.28
1704255360,45265.1,45284.3,45265.0,45284.3,34.663
1704255420,45284.3,45300.2,45277.6,45279.8,147.595
1704255480,45279.7,45279.8,45259.0,45275.5,61.303
1704255540,45275.6,45291.5,45275.5,45285.0,46.265
1704255600,45285.0,45287.9,45275.5,45275.8,32.255
1704255660,45275.8,45296.5,45275.7,45287.7,47.926
1704255720,45287.7,45290.0,45282.4,45289.9,46.209
1704255780,45289.9,45305.0,45282.5,45304.9,80.606
1704255840,45304.9,45304.9,45287.0,45300.9,57.392
1704255900,45300.8,45309.7,45278.2,45278.2,56.961
1704255960,45277.9,45292.9,45276.7,45290.3,37.716
1704256020,45290.2,45304.5,45290.2,45304.5,57.544
1704256080,45304.5,45309.7,45292.8,45292.8,92.065
1704256140,45292.9,45292.9,45235.0,45238.3,147.165
1704256200,45238.2,45256.6,45227.0,45227.0,78.407
1704256260,45227.0,45231.3,45220.0,45220.0,55.285
1704256320,45220.1,45226.3,45215.4,45215.6,80.098
1704256380,45215.7,45219.0,45202.7,45202.8,67.144
1704256440,45202.8,45202.8,45160.5,45168.8,399.717
1704256500,45168.8,45177.9,45144.0,45158.7,274.294
1704256560,45158.7,45165.0,45155.0,45159.4,128.947
1704256620,45159.3,45177.9,45152.0,45177.9,67.34
1704256680,45177.9,45200.2,45177.8,45196.6,48.121
1704256740,45196.5,45200.2,45171.2,45183.6,69.302
1704256800,45183.7,45202.5,45183.6,45198.9,33.06
1704256860,45198.9,45200.0,45190.0,45195.8,36.962
1704256920,45195.9,45200.0,45176.3,45176.3,37.457
1704256980,45176.1,45188.9,45158.5,45188.0,56.237
1704257040,45188.0,45196.1,45185.5,45192.5,49.214
1704257100,45192.9,45215.5,45185.2,45215.5,49.71
1704257160,45215.5,45224.3,45215.4,45224.3,48.163
1704257220,45224.2,45233.1,45224.2,45233.0,23.809
1704257280,45233.0,45239.8,45233.0,45236.9,48.388
1704257340,45236.8,45236.9,45176.5,45176.5,137.557
1704257400,45176.5,45200.0,45176.5,45188.0,72.429
1704257460,45187.8,45200.6,45185.7,45190.2,76.726
1704257520,45190.3,45195.1,45177.6,45181.3,39.428
1704257580,45181.3,45199.8,45180.0,45199.7,41.386
1704257640,45199.7,45201.8,45196.9,45197.6,18.713
1704257700,45199.1,45209.8,45199.0,45206.4,28.818
1704257760,45206.4,45206.4,45206.3,45206.4,10.626
1704257820,45206.4,45223.0,45206.3,45206.5,42.517
1704257880,45206.4,45211.4,45200.2,45200.2,33.231
1704257940,45200.2,45218.8,45200.2,45218.8,42.594
1704258000,45218.8,45228.0,45152.5,45159.0,534.364
1704258060,45159.0,45170.2,45150.0,45167.7,235.3
1704258120,45167.8,45186.9,45156.5,45180.6,73.904
1704258180,45180.7,45198.5,45177.3,45196.0,47.569
1704258240,45196.0,45206.7,45190.5,45204.9,43.452
1704258300,45204.8,45204.9,45189.8,45191.6,38.619
1704258360,45191.5,45206.2,45188.1,45206.2,73.069
1704258420,45206.1,45206.2,45188.1,45193.2,52.847
1704258480,45193.2,45212.9,45193.2,45204.6,96.207
1704258540,45204.6,45206.3,45193.0,45206.3,55.859
1704258600,45206.3,45209.3,45199.1,45209.3,25.661
1704258660,45209.3,45224.6,45209.2,45224.6,27.481
1704258720,45224.7,45249.9,45224.7,45249.9,88.64
1704258780,45250.0,45266.0,45249.9,45263.7,69.216
1704258840,45263.6,45267.8,45252.1,45267.8,73.433
1704258900,45267.7,45279.1,45255.0,45279.1,59.296
1704258960,45279.0,45303.6,45279.0,45303.6,227.634
1704259020,45303.6,45318.2,45298.8,45300.6,144.915
1704259080,45300.7,45305.5,45285.7,45286.2,71.981
1704259140,45286.2,45288.2,45275.9,45276.0,76.469
1704259200,45276.0,45276.0,45253.4,45253.4,67.125
1704259260,45253.5,45277.1,45250.7,45277.1,37.577
1704259320,45277.0,45295.0,45277.0,45293.2,38.078
1704259380,45293.2,45293.9,45281.6,45284.1,32.593
1704259440,45284.0,45287.4,45281.8,45287.4,24.352
1704259500,45287.3,45290.0,45283.2,45284.9,38.803
1704259560,45284.9,45300.0,45284.6,45299.9,80.543
1704259620,45300.0,45315.1,45299.9,45311.2,145.686
1704259680,45311.2,45325.5,45307.4,45314.0,157.171
1704259740,45314.0,45328.0,45308.0,45324.5,84.817
1704259800,45323.8,45330.0,45256.6,45256.6,97.741
1704259860,45256.6,45319.3,45256.6,45304.1,144.077
1704259920,45304.1,45315.5,45304.1,45312.6,54.976
1704259980,45312.6,45314.7,45291.0,45313.0,54.327
1704260040,45313.1,45323.5,45307.6,45310.9,77.762
1704260100,45310.8,45317.6,45292.1,45303.3,68.953
1704260160,45303.2,45317.5,45295.8,45317.4,37.052
1704260220,45317.5,45321.3,45310.4,45316.9,30.302
1704260280,45316.5,45316.5,45307.3,45310.5,28.462
1704260340,45310.5,45310.6,45287.3,45289.5,107.741
1704260400,45289.4,45309.5,45289.4,45300.5,54.859
1704260460,45300.6,45323.3,45300.5,45323.2,39.242
1704260520,45323.3,45323.3,45290.5,45291.7,91.189
1704260580,45291.7,45291.8,45275.7,45275.7,61.077
1704260640,45275.7,45279.5,45264.7,45264.7,55.271
1704260700,45264.6,45266.2,45237.2,45242.7,113.824
1704260760,45242.6,45260.2,45220.0,45260.2,100.237
1704260820,45260.2,45278.4,45252.4,45278.3,36.11
1704260880,45278.3,45300.9,45278.3,45297.0,63.574
1704260940,45297.1,45297.1,45255.5,45257.5,62.529
1704261000,45257.6,45264.6,45224.8,45264.5,76.695
1704261060,45264.5,45264.6,45231.9,45253.4,40.352
1704261120,45253.4,45253.4,45230.6,45236.0,78.884
1704261180,45236.1,45252.6,45234.2,45248.0,49.001
1704261240,45247.9,45248.0,45238.1,45238.2,29.374
1704261300,45238.2,45242.9,45230.4,45236.5,26.128
1704261360,45236.6,45253.7,45233.3,45239.3,54.994
1704261420,45239.3,45244.2,45220.1,45220.1,91.206
1704261480,45220.2,45226.1,45189.9,45203.7,286.949
1704261540,45203.8,45208.6,45200.0,45200.0,44.136
1704261600,45200.0,45235.3,45198.3,45219.6,178.26
1704261660,45219.6,45224.0,45197.8,45223.1,127.552
1704261720,45223.1,45231.9,45201.0,45222.2,94.211
1704261780,45222.2,45226.6,45213.1,45218.0,56.154
1704261840,45218.0,45234.8,45218.0,45229.7,67.865
1704261900,45229.8,45238.4,45216.8,45233.6,112.664
1704261960,45233.6,45238.5,45201.0,45234.1,105.643
1704262020,45234.1,45234.1,45204.0,45206.4,55.688
1704262080,45206.4,45219.4,45201.9,45201.9,95.475
1704262140,45202.0,45206.1,45185.0,45197.0,204.031
1704262200,45197.0,45205.8,45191.0,45195.1,34.324
1704262260,45195.1,45204.8,45195.1,45200.2,45.452
1704262320,45200.3,45213.6,45188.0,45208.9,81.872
1704262380,45208.9,45231.5,45208.9,45231.5,36.974
1704262440,45231.5,45235.4,45231.4,45232.6,21.031
1704262500,45232.6,45249.2,45232.5,45242.3,83.543
1704262560,45242.3,45246.3,45242.2,45245.9,17.025
1704262620,45245.9,45254.0,45242.7,45254.0,44.142
1704262680,45254.0,45289.6,45253.9,45289.6,247.208
1704262740,45289.6,45300.0,45289.6,45300.0,93.848
1704262800,45300.0,45330.2,45299.9,45318.9,229.076
1704262860,45319.0,45326.0,45310.1,45326.0,68.809
1704262920,45326.0,45331.7,45313.0,45327.6,111.752
1704262980,45327.7,45327.8,45294.3,45313.8,151.957
1704263040,45313.8,45323.9,45312.6,45317.9,69.096
1704263100,45317.9,45337.3,45317.8,45330.1,112.045
1704263160,45330.0,45330.1,45300.2,45311.3,84.871
1704263220,45311.2,45311.3,45304.0,45311.3,25.052
1704263280,45311.2,45321.7,45310.0,45321.7,62.578
1704263340,45321.7,45321.7,45313.2,45318.3,35.783
1704263400,45318.3,45318.3,45277.1,45278.3,91.608
1704263460,45278.3,45292.4,45278.3,45292.3,36.262
1704263520,45292.3,45292.4,45278.6,45291.2,26.811
1704263580,45291.1,45295.3,45283.3,45283.4,35.258
1704263640,45283.4,45288.8,45275.0,45275.0,19.374
1704263700,45275.1,45275.1,45240.1,45254.4,197.019
1704263760,45254.4,45260.0,45245.3,45251.0,49.577
1704263820,45251.0,45253.0,45248.7,45251.0,18.078
1704263880,45250.9,45307.4,45250.9,45307.4,119.812
1704263940,45307.4,45307.4,45297.1,45300.4,26.612
1704264000,45300.3,45300.4,45260.0,45283.7,77.361
1704264060,45283.7,45283.7,45270.9,45276.3,27.376
1704264120,45276.3,45288.2,45273.2,45275.5,32.616
1704264180,45275.5,45300.0,45275.5,45300.0,32.077
1704264240,45300.0,45300.0,45280.0,45288.0,36.054
1704264300,45288.0,45312.5,45287.9,45312.5,92.328
1704264360,45312.5,45315.2,45290.7,45294.9,74.833
1704264420,45294.8,45297.1,45290.8,45290.8,32.365
1704264480,45290.8,45303.5,45290.7,45303.5,77.159
1704264540,45303.5,45313.9,45303.4,45312.3,55.967
1704264600,45312.3,45347.5,45311.8,45343.1,181.75
1704264660,45343.1,45348.4,45329.3,45330.0,98.283
1704264720,45330.0,45330.0,45314.2,45329.5,81.656
1704264780,45329.5,45329.5,45314.8,45314.8,22.029
1704264840,45314.8,45329.4,45314.8,45329.3,28.185
1704264900,45329.3,45405.3,45329.3,45398.9,779.607
1704264960,45398.9,45402.1,45350.0,45350.0,198.118
1704265020,45350.0,45384.9,45350.0,45366.3,189.046
1704265080,45366.3,45372.0,45355.9,45369.9,80.909
1704265140,45370.0,45370.0,45355.0,45362.7,75.394
1704265200,45362.8,45362.8,45320.2,45321.8,249.01
1704265260,45321.8,45324.0,45312.3,45312.3,74.729
1704265320,45312.4,45318.1,45311.0,45311.0,65.648
1704265380,45311.1,45337.7,45311.0,45329.0,104.592
1704265440,45329.0,45337.3,45317.1,45328.8,72.666
1704265500,45328.8,45328.8,45320.0,45324.0,34.935
1704265560,45323.9,45323.9,45310.2,45321.4,75.551
1704265620,45321.4,45336.5,45314.1,45336.5,47.13
1704265680,45336.5,45384.0,45336.5,45374.6,265.528
1704265740,45374.5,45418.9,45374.5,45402.2,304.806
1704265800,45402.4,45423.0,45402.4,45404.6,185.867
1704265860,45404.6,45404.7,45370.2,45378.5,174.987
1704265920,45378.6,45380.0,45373.5,45378.0,28.884
1704265980,45377.9,45378.0,45370.0,45377.1,56.691
1704266040,45377.2,45390.6,45377.1,45379.4,56.491
1704266100,45379.5,45383.2,45368.6,45368.7,108.887
1704266160,45368.6,45368.7,45344.8,45350.5,81.945
1704266220,45350.4,45362.7,45347.7,45361.9,33.397
1704266280,45362.0,45368.4,45350.0,45350.0,36.642
1704266340,45350.1,45354.6,45344.4,45344.5,40.901
1704266400,45344.5,45346.9,45334.0,45346.2,69.074
1704266460,45346.1,45346.2,45324.6,45324.9,55.557
1704266520,45324.8,45366.0,45324.8,45352.8,85.714
1704266580,45352.7,45378.6,45352.0,45364.3,49.261
1704266640,45364.3,45376.6,45362.8,45375.9,51.076
1704266700,45375.9,45389.8,45375.8,45389.8,114.568
1704266760,45389.8,45402.7,45382.9,45382.9,166.624
1704266820,45382.9,45388.4,45382.9,45384.8,57.872
1704266880,45384.9,45384.9,45365.4,45365.4,39.097
1704266940,45365.1,45390.1,45353.6,45390.0,70.829
1704267000,45390.0,45401.0,45376.8,45376.8,69.88
1704267060,45376.8,45383.6,45376.8,45378.2,53.51
1704267120,45378.2,45378.2,45360.0,45360.6,52.122
1704267180,45360.7,45376.6,45357.0,45357.0,26.032
1704267240,45357.0,45363.2,45344.3,45354.5,46.786
1704267300,45355.3,45355.3,45336.1,45336.1,38.473
1704267360,45336.1,45350.4,45320.4,45344.2,102.09
1704267420,45344.1,45346.0,45340.4,45340.4,52.6
1704267480,45340.5,45354.5,45329.8,45329.9,48.317
1704267540,45329.9,45340.0,45323.8,45323.8,40.902
1704267600,45323.8,45323.9,45307.5,45307.5,85.224
1704267660,45307.5,45316.4,45290.7,45297.3,108.916
1704267720,45297.2,45297.2,45171.1,45184.2,1445.905
1704267780,45184.3,45188.3,45155.0,45159.6,455.027
1704267840,45159.7,45208.2,45159.5,45174.9,250.034
1704267900,45175.0,45180.2,45100.8,45106.3,635.211
1704267960,45106.2,45118.1,45035.0,45086.9,1506.746
1704268020,45085.4,45111.9,45012.0,45078.2,748.304
1704268080,45078.2,45078.7,45010.0,45048.0,368.865
1704268140,45047.9,45092.7,45047.9,45087.9,316.253
1704268200,45088.0,45088.0,45034.8,45075.8,292.508
1704268260,45075.8,45075.8,45020.3,45053.2,215.182
1704268320,45053.3,45069.5,45039.2,45059.1,168.674
1704268380,45059.2,45059.2,45026.1,45044.0,175.57
1704268440,45044.1,45049.7,44962.0,44987.2,755.556
1704268500,44987.1,45011.0,44960.0,44995.8,378.547
1704268560,44995.7,45066.2,44992.3,45054.4,389.466
1704268620,45054.4,45075.7,45025.5,45053.1,291.237
1704268680,45053.1,45071.0,45053.0,45055.9,151.213
1704268740,45055.9,45070.6,45030.4,45030.4,156.308
1704268800,45030.5,45067.1,45023.7,45060.4,233.21
1704268860,45060.4,45071.1,45026.4,45043.3,133.307
1704268920,45043.4,45070.6,45042.9,45070.0,120.408
1704268980,45070.0,45080.0,45046.1,45054.9,205.001
1704269040,45054.8,45076.7,45054.3,45071.1,121.632
1704269100,45071.0,45092.9,45071.0,45092.9,165.507
1704269160,45092.9,45109.1,45089.7,45090.8,239.296
1704269220,45090.8,45102.7,45085.1,45093.2,102.664
1704269280,45093.1,45147.4,45093.1,45128.2,463.267
1704269340,45128.1,45159.0,45124.4,45139.3,385.873
1704269400,45139.3,45150.0,45127.4,45130.7,121.553
1704269460,45130.7,45145.0,45130.6,45137.4,164.88
1704269520,45137.4,45137.4,45035.2,45038.0,697.358
1704269580,45038.0,45080.0,45033.4,45076.0,127.392
1704269640,45076.0,45097.8,45075.9,45089.5,66.834
1704269700,45089.5,45111.5,45088.8,45111.1,93.783
1704269760,45111.0,45143.1,45111.0,45137.6,133.899
1704269820,45137.5,45137.6,45121.8,45122.8,72.026
1704269880,45122.8,45206.3,45122.8,45181.3,888.773
1704269940,45181.2,45183.4,45158.1,45172.9,88.161
1704270000,45173.0,45184.3,45170.2,45173.2,77.873
1704270060,45173.2,45173.2,45146.9,45155.6,73.325
1704270120,45155.6,45169.0,45155.5,45162.1,32.045
1704270180,45162.1,45162.1,45122.8,45138.7,116.85
1704270240,45138.6,45141.9,45126.9,45127.0,44.866
1704270300,45126.9,45153.5,45125.5,45141.4,60.801
1704270360,45141.4,45167.1,45141.4,45167.1,41.282
1704270420,45167.1,45182.6,45167.0,45177.3,61.675
1704270480,45177.4,45188.3,45171.6,45188.3,44.63
1704270540,45188.3,45191.8,45173.0,45190.3,86.533
1704270600,45190.3,45195.9,45164.1,45177.4,106.179
1704270660,45177.4,45181.1,45166.5,45170.0,70.085
1704270720,45169.9,45182.0,45169.9,45174.2,51.199
1704270780,45174.3,45179.2,45143.5,45179.2,92.489
1704270840,45179.1,45184.8,45166.5,45184.7,54.194
1704270900,45184.8,45184.8,45168.5,45181.6,37.222
1704270960,45181.6,45181.7,45172.8,45172.9,41.647
1704271020,45172.9,45172.9,45157.2,45165.8,29.194
1704271080,45165.8,45174.0,45156.5,45164.8,94.261
1704271140,45164.4,45181.7,45158.4,45161.4,64.758
1704271200,45161.4,45164.5,45052.0,45081.1,703.309
1704271260,45081.1,45086.8,45065.7,45075.1,160.536
1704271320,45075.1,45075.1,45051.6,45056.9,121.727
1704271380,45056.9,45076.1,45056.9,45075.0,105.446
1704271440,45075.0,45084.9,45070.0,45084.8,53.453
1704271500,45084.7,45084.8,45071.5,45078.8,67.109
1704271560,45078.8,45104.0,45070.1,45104.0,72.264
1704271620,45103.9,45118.0,45073.2,45077.6,98.125
1704271680,45077.6,45100.1,45064.0,45100.0,109.824
1704271740,45100.1,45117.9,45091.0,45113.7,67.876
1704271800,45113.7,45123.5,45113.7,45120.7,56.195
1704271860,45120.8,45133.5,45117.9,45129.0,63.531
1704271920,45129.0,45129.0,45108.0,45123.2,60.588
1704271980,45123.2,45123.3,45108.2,45120.1,67.897
1704272040,45120.1,45142.8,45120.0,45142.8,68.432
1704272100,45142.8,45158.2,45142.7,45158.1,65.008
1704272160,45158.1,45215.9,45153.6,45206.6,643.836
1704272220,45206.5,45210.9,45179.1,45179.2,135.925
1704272280,45179.2,45215.0,45179.2,45210.2,191.529
1704272340,45210.1,45240.0,45210.1,45224.1,261.77
1704272400,45224.1,45243.0,45207.5,45240.9,204.062
1704272460,45240.8,45240.9,45222.9,45226.9,76.141
1704272520,45226.9,45282.6,45226.9,45269.2,654.791
1704272580,45269.1,45273.8,45261.4,45265.1,113.508
1704272640,45265.2,45278.0,45265.1,45277.9,87.525
1704272700,45278.0,45286.7,45266.8,45266.9,122.25
1704272760,45266.9,45295.0,45265.7,45280.0,193.239
1704272820,45280.0,45288.1,45267.0,45270.0,95.843
1704272880,45270.1,45270.1,45263.0,45265.4,41.376
1704272940,45265.5,45292.3,45265.3,45292.3,85.331
1704273000,45292.3,45320.0,45291.0,45306.6,448.787
1704273060,45306.6,45319.6,45304.9,45319.5,115.202
1704273120,45319.6,45319.6,45301.9,45311.4,122.791
1704273180,45311.3,45344.9,45287.3,45332.3,404.312
1704273240,45332.3,45350.0,45317.0,45331.4,316.42
1704273300,45331.4,45333.2,45293.9,45293.9,136.72
1704273360,45293.9,45300.0,45289.0,45289.0,60.365
1704273420,45289.0,45290.0,45245.0,45245.0,185.865
1704273480,45245.0,45293.0,45242.6,45293.0,115.735
1704273540,45292.9,45309.2,45292.9,45298.5,112.958
1704273600,45298.4,45303.2,45270.3,45281.1,70.424
1704273660,45281.1,45330.0,45281.1,45330.0,250.003
1704273720,45330.0,45333.5,45305.0,45321.0,387.824
1704273780,45320.9,45323.0,45306.6,45306.6,57.943
1704273840,45306.5,45331.0,45300.3,45328.3,227.103
1704273900,45328.3,45341.6,45303.2,45323.9,150.105
1704273960,45323.9,45350.0,45312.2,45333.0,334.351
1704274020,45333.0,45388.0,45321.9,45385.5,375.045
1704274080,45385.5,45404.2,45364.2,45404.1,661.246
1704274140,45404.1,45404.1,45377.8,45394.2,253.867
1704274200,45394.1,45400.7,45363.6,45364.0,238.318
1704274260,45364.1,45376.7,45364.1,45375.8,74.302
1704274320,45375.8,45375.8,45336.3,45348.9,173.793
1704274380,45349.0,45349.0,45338.2,45342.0,64.338
1704274440,45342.1,45342.1,45326.6,45332.0,62.672
1704274500,45332.0,45347.0,45326.6,45347.0,79.397
1704274560,45347.0,45421.9,45346.9,45421.8,278.38
1704274620,45421.9,45494.7,45403.7,45442.9,1151.93
1704274680,45443.0,45463.3,45431.9,45436.1,361.734
1704274740,45436.1,45582.3,45436.1,45531.3,1876.144
1704274800,45531.2,45531.3,45478.8,45478.8,365.727
1704274860,45478.9,45529.8,45458.0,45504.1,322.498
1704274920,45504.0,45504.1,45455.0,45476.5,233.62
1704274980,45476.6,45478.9,45442.5,45451.0,179.689
1704275040,45451.0,45459.4,45435.2,45447.5,130.32
1704275100,45447.6,45456.4,45431.0,45435.1,97.091
1704275160,45435.1,45443.4,45413.1,45426.7,218.013
1704275220,45426.7,45435.8,45417.3,45434.9,124.368
1704275280,45434.8,45434.9,45377.0,45390.6,394.45
1704275340,45391.0,45401.5,45383.0,45398.7,91.162
1704275400,45398.6,45406.0,45385.1,45394.9,101.517
1704275460,45394.9,45396.9,45385.8,45392.0,57.571
1704275520,45392.1,45395.0,45371.5,45375.3,105.169
1704275580,45375.2,45454.0,45371.5,45450.3,462.732
1704275640,45450.3,45460.0,45431.1,45438.7,349.967
1704275700,45438.8,45438.8,45371.5,45381.7,146.335
1704275760,45381.7,45384.6,45366.6,45369.9,81.598
1704275820,45369.8,45371.5,45353.3,45370.7,145.214
1704275880,45370.6,45375.0,45359.8,45369.9,143.37
1704275940,45369.8,45379.7,45369.8,45378.7,51.211
1704276000,45378.6,45389.3,45345.6,45345.6,189.634
1704276060,45345.6,45377.9,45333.3,45377.9,240.897
1704276120,45377.8,45396.3,45376.7,45392.9,81.216
1704276180,45392.9,45410.2,45392.9,45402.1,90.987
1704276240,45402.1,45409.6,45388.0,45403.4,61.884
1704276300,45403.4,45410.4,45403.4,45410.4,40.454
1704276360,45410.3,45410.4,45372.3,45401.0,107.599
1704276420,45401.1,45401.1,45374.4,45381.4,38.874
1704276480,45381.5,45402.4,45372.6,45402.4,80.59
1704276540,45402.4,45414.3,45384.2,45412.7,71.438
1704276600,45412.7,45412.7,45388.2,45388.2,38.43
1704276660,45388.2,45410.0,45386.6,45397.4,84.648
1704276720,45397.4,45420.9,45397.4,45410.5,136.532
1704276780,45410.5,45416.5,45407.3,45416.5,52.8
1704276840,45416.4,45416.8,45389.2,45389.3,80.568
1704276900,45389.2,45414.9,45384.9,45407.1,132.332
1704276960,45407.1,45410.9,45383.7,45383.7,49.155
1704277020,45383.8,45393.1,45368.9,45369.0,66.014
1704277080,45369.1,45372.4,45350.0,45350.0,85.684
1704277140,45350.0,45367.4,45350.0,45367.4,64.342
1704277200,45367.3,45370.6,45361.2,45367.0,46.701
1704277260,45367.0,45368.7,45330.4,45337.0,110.042
1704277320,45337.1,45344.8,45330.1,45335.2,58.351
1704277380,45335.2,45344.5,45285.5,45290.4,383.8
1704277440,45290.4,45298.8,45247.0,45291.7,418.942
1704277500,45291.8,45313.9,45291.8,45308.3,144.508
1704277560,45308.3,45329.6,45283.4,45283.4,223.968
1704277620,45283.4,45304.2,45274.7,45303.9,104.383
1704277680,45301.3,45311.4,45286.7,45310.2,97.643
1704277740,45310.2,45315.8,45302.7,45315.7,47.751
1704277800,45315.8,45326.6,45289.8,45294.9,137.802
1704277860,45294.8,45315.7,45294.8,45314.7,38.101
1704277920,45314.8,45323.2,45298.2,45319.7,80.049
1704277980,45319.7,45325.0,45316.8,45322.0,26.736
1704278040,45321.9,45344.7,45318.2,45338.2,51.577
1704278100,45338.1,45338.2,45290.0,45290.0,105.01
1704278160,45290.1,45290.1,45268.5,45285.9,82.86
1704278220,45285.9,45285.9,45250.4,45250.5,182.822
1704278280,45250.5,45250.5,45170.4,45188.2,1223.698
1704278340,45188.2,45205.5,45101.5,45143.8,886.311
1704278400,45143.8,45160.0,45104.5,45156.2,391.215
1704278460,45156.2,45160.5,45100.3,45121.4,326.082
1704278520,45121.3,45127.9,45070.1,45089.5,588.401
1704278580,45089.5,45106.2,45081.4,45105.9,248.56
1704278640,45106.0,45117.3,45085.0,45097.8,315.327
1704278700,45097.8,45139.9,45091.4,45126.2,367.212
1704278760,45126.3,45126.3,45061.0,45073.5,306.988
1704278820,45073.5,45135.7,45073.5,45096.7,318.549
1704278880,45096.7,45126.3,45094.1,45124.1,174.718
1704278940,45123.0,45123.7,45106.8,45120.5,75.731
1704279000,45120.5,45166.0,45120.4,45153.3,200.61
1704279060,45153.2,45170.1,45148.7,45161.6,203.128
1704279120,45161.6,45177.8,45161.5,45177.8,111.15
1704279180,45177.7,45177.7,45111.0,45114.5,220.533
1704279240,45114.6,45136.3,45108.1,45113.7,159.218
1704279300,45113.7,45123.6,45104.2,45108.6,96.466
1704279360,45108.5,45143.6,45108.5,45125.2,214.644
1704279420,45125.2,45141.2,45124.1,45132.2,127.723
1704279480,45132.2,45191.7,45132.2,45183.6,133.923
1704279540,45183.6,45199.0,45175.6,45175.7,254.511
1704279600,45175.7,45195.7,45175.6,45187.3,174.004
1704279660,45187.3,45205.3,45187.3,45200.0,136.241
1704279720,45200.0,45200.0,45169.0,45183.7,104.139
1704279780,45183.6,45187.9,45082.7,45098.9,420.321
1704279840,45099.0,45123.1,45098.9,45108.6,160.476
1704279900,45108.6,45119.8,45100.0,45104.0,153.679
1704279960,45104.1,45113.1,45096.1,45103.3,77.057
1704280020,45103.4,45103.4,45000.6,45007.2,1333.128
1704280080,45007.1,45010.1,44928.5,44955.2,1404.046
1704280140,44955.3,44987.8,44940.3,44967.1,466.386
1704280200,44967.0,44973.7,44906.8,44912.9,751.773
1704280260,44912.9,44915.0,44870.0,44871.9,1107.421
1704280320,44872.0,44891.8,44802.1,44887.6,1329.823
1704280380,44886.8,44915.0,44834.9,44854.1,937.406
1704280440,44854.1,44864.9,44723.7,44757.2,1496.54
1704280500,44757.2,44862.8,44726.9,44862.8,935.928
1704280560,44862.8,44879.6,44807.4,44876.9,608.138
1704280620,44876.8,44880.0,44829.9,44856.2,405.631
1704280680,44856.2,44903.0,44812.5,44894.8,900.718
1704280740,44894.7,44894.8,44831.6,44842.7,373.355
1704280800,44842.6,44871.0,44799.9,44822.1,429.718
1704280860,44822.1,44850.0,44800.0,44800.0,426.075
1704280920,44800.0,44812.5,44781.2,44787.0,333.183
1704280980,44787.0,44809.1,44630.0,44630.0,1478.795
1704281040,44630.0,44716.0,44320.0,44560.9,7755.478
1704281100,44561.0,44668.0,44500.0,44595.1,2083.795
1704281160,44595.2,44602.7,44512.0,44579.6,1010.991
1704281220,44580.8,44600.0,44513.9,44573.1,691.797
1704281280,44573.2,44599.1,44517.3,44523.3,773.653
1704281340,44523.3,44523.3,44342.9,44380.3,2723.925
1704281400,44380.4,44517.8,44334.0,44414.4,2445.916
1704281460,44415.2,44446.3,44365.1,44435.1,920.451
1704281520,44435.2,44522.0,44404.7,44456.6,836.948
1704281580,44456.7,44520.2,44400.3,44507.9,694.247
1704281640,44508.0,44529.7,44466.0,44525.8,647.427
1704281700,44525.8,44571.0,44470.0,44519.7,1835.225
1704281760,44519.7,44600.0,44519.7,44529.9,925.484
1704281820,44530.0,44583.3,44523.6,44546.5,519.532
1704281880,44546.5,44579.6,44502.7,44510.2,413.014
1704281940,44510.2,44521.6,44465.6,44465.6,504.782
1704282000,44465.7,44495.4,44450.6,44472.1,437.878
1704282060,44472.1,44489.0,44440.7,44462.8,280.944
1704282120,44462.8,44491.5,44462.8,44488.5,348.172
1704282180,44488.5,44499.3,44470.1,44482.7,193.932
1704282240,44482.6,44525.2,44444.4,44525.2,472.175
1704282300,44525.1,44544.6,44457.4,44460.7,652.512
1704282360,44460.7,44534.7,44453.1,44474.6,467.383
1704282420,44474.6,44513.0,44458.1,44458.2,574.738
1704282480,44458.2,44458.2,44404.0,44407.4,780.453
1704282540,44407.4,44413.0,44358.0,44358.2,1238.353
1704282600,44358.2,44379.2,44241.3,44329.3,3104.254
1704282660,44329.3,44342.6,44032.0,44065.9,3455.503
1704282720,44066.1,44249.9,44053.5,44249.8,3337.74
1704282780,44249.9,44265.6,44163.8,44163.9,1053.08
1704282840,44163.9,44177.9,44020.3,44100.1,1708.927
1704282900,44100.1,44100.3,43600.0,43616.6,10252.519
1704282960,43616.6,43750.0,43500.0,43670.5,7723.763
1704283020,43670.5,43815.6,43604.0,43769.2,2909.906
1704283080,43769.1,43800.0,43630.4,43698.2,2407.76
1704283140,43698.2,43756.0,43686.8,43728.9,1295.726
1704283200,43728.9,43738.8,43570.0,43575.3,2277.351
1704283260,43575.3,43577.4,42070.0,42584.3,19844.804
1704283320,42585.0,42942.2,42526.8,42921.0,6109.044
1704283380,42920.9,43170.8,42779.9,43022.2,5865.46
1704283440,43021.6,43039.3,42688.6,42967.4,3984.669
1704283500,42967.4,43011.8,42761.6,42869.4,4017.48
1704283560,42874.7,42970.3,42636.0,42767.8,3291.612
1704283620,42767.8,42855.0,42566.0,42629.4,3626.898
1704283680,42629.4,42681.3,41500.0,41973.3,10608.201
1704283740,41972.4,42158.2,40407.6,40436.8,15284.864
1704283800,40456.9,41412.6,40333.0,41300.0,10342.954
1704283860,41294.9,41900.0,41261.4,41716.7,6590.378
1704283920,41719.8,41880.0,41455.3,41572.7,3268.523
1704283980,41572.7,41656.5,41367.1,41622.9,2668.282
1704284040,41620.3,41966.0,41607.6,41948.5,2818.624
1704284100,41952.5,42400.0,41894.9,42387.0,4157.1
1704284160,42396.6,42539.1,42272.5,42479.2,3720.42
1704284220,42467.1,42500.0,42316.4,42451.1,2419.548
1704284280,42443.7,42472.4,42350.0,42354.9,1635.053
1704284340,42354.9,42369.6,41999.8,42085.1,3551.286
1704284400,42085.0,42099.2,41956.0,42063.5,2338.851
1704284460,42061.5,42410.5,42044.0,42337.4,3072.044
1704284520,42337.4,42430.0,42191.4,42305.8,2405.899
1704284580,42307.2,42517.8,42286.4,42517.8,2021.849
1704284640,42509.1,42544.6,42460.2,42520.0,2470.768
1704284700,42519.9,42529.3,42300.0,42342.2,2201.698
1704284760,42342.2,42442.4,42270.1,42328.2,1268.355
1704284820,42328.3,42350.0,42003.0,42050.3,2550.685
1704284880,42041.4,42367.1,42029.7,42353.6,2079.28
1704284940,42353.5,42389.1,42322.5,42323.6,1281.507
1704285000,42323.6,42335.6,42147.1,42162.0,1103.983
1704285060,42163.6,42300.0,42151.6,42202.0,938.091
1704285120,42204.7,42211.6,42055.0,42091.7,1396.059
1704285180,42091.8,42277.0,42091.8,42193.7,1376.193
1704285240,42193.3,42291.0,42157.1,42283.1,1108.491
1704285300,42279.6,42291.0,42197.1,42269.5,969.305
1704285360,42269.4,42398.5,42261.2,42391.0,1366.414
1704285420,42391.0,42439.7,42373.0,42399.1,1480.806
1704285480,42399.1,42399.1,42258.7,42258.8,1163.717
1704285540,42258.8,42302.0,42200.0,42202.0,1024.079
1704285600,42202.0,42208.9,42100.0,42124.2,1234.492
1704285660,42124.2,42202.4,42112.1,42156.6,823.71
1704285720,42156.5,42290.0,42128.7,42261.6,1663.169
1704285780,42261.6,42286.3,42180.5,42218.8,754.13
1704285840,42218.9,42248.0,42162.6,42171.1,753.265
1704285900,42171.2,42271.8,42126.7,42264.6,1080.633
1704285960,42264.6,42360.6,42232.8,42332.4,1016.835
1704286020,42332.4,42434.5,42320.0,42412.7,1262.732
1704286080,42412.6,42540.0,42380.9,42516.6,1978.887
1704286140,42516.5,42521.2,42464.2,42494.9,1374.439
1704286200,42494.9,42524.1,42406.7,42471.5,972.576
1704286260,42471.5,42478.1,42350.8,42422.4,784.032
1704286320,42422.4,42500.0,42395.5,42488.2,676.657
1704286380,42488.3,42667.9,42488.2,42620.7,2062.743
1704286440,42618.4,42820.0,42617.5,42771.7,2444.608
1704286500,42775.4,42778.3,42622.0,42703.8,1710.339
1704286560,42705.7,42731.2,42656.1,42688.3,1051.314
1704286620,42688.3,42730.0,42627.8,42716.7,1199.426
1704286680,42716.7,42760.4,42679.4,42759.7,902.241
1704286740,42759.6,42807.5,42700.2,42795.8,1014.017
1704286800,42795.8,42827.1,42632.6,42641.7,1413.977
1704286860,42641.8,42677.9,42500.8,42520.8,1708.923
1704286920,42520.7,42675.2,42513.9,42653.3,878.378
1704286980,42653.3,42656.5,42550.5,42580.0,527.352
1704287040,42580.0,42659.7,42525.0,42544.5,596.409
1704287100,42544.5,42655.0,42528.7,42646.4,740.469
1704287160,42646.4,42698.3,42637.7,42679.5,515.489
1704287220,42679.4,42696.3,42627.0,42627.0,497.35
1704287280,42627.0,42627.1,42535.2,42579.2,516.415
1704287340,42579.2,42673.2,42575.2,42673.2,562.42
1704287400,42673.2,42700.0,42625.3,42689.1,368.353
1704287460,42689.0,42695.9,42610.7,42681.9,474.973
1704287520,42681.9,42688.9,42652.5,42687.2,300.036
1704287580,42687.3,42696.3,42600.7,42605.6,524.479
1704287640,42605.6,42605.6,42550.0,42550.1,395.958
1704287700,42550.1,42651.0,42550.0,42646.5,425.984
1704287760,42646.5,42694.5,42638.4,42694.4,440.162
1704287820,42694.5,42704.2,42671.1,42677.3,424.019
1704287880,42677.3,42694.6,42609.8,42618.6,406.822
1704287940,42618.7,42657.4,42554.3,42576.1,509.249
1704288000,42576.0,42595.9,42501.1,42514.0,684.87
1704288060,42514.0,42549.1,42500.6,42527.2,422.507
1704288120,42527.2,42527.3,42315.0,42336.8,2795.782
1704288180,42336.7,42556.3,42332.7,42496.6,1121.876
1704288240,42496.5,42555.6,42453.7,42480.6,556.749
1704288300,42480.6,42499.9,42414.9,42433.1,429.58
1704288360,42433.2,42484.5,42415.6,42468.3,467.506
1704288420,42468.4,42556.8,42453.4,42470.2,724.546
1704288480,42470.1,42524.9,42453.6,42516.5,360.801
1704288540,42516.6,42561.1,42478.7,42478.7,369.945
1704288600,42478.0,42544.7,42460.3,42511.7,412.685
1704288660,42511.8,42512.2,42444.9,42453.0,376.967
1704288720,42451.5,42469.5,42406.8,42416.2,275.563
1704288780,42416.2,42492.0,42406.8,42474.6,431.518
1704288840,42474.6,42475.2,42438.2,42438.2,227.559
1704288900,42437.9,42550.0,42417.9,42547.4,438.953
1704288960,42547.3,42646.1,42537.1,42608.7,790.272
1704289020,42608.2,42648.5,42569.8,42621.2,389.577
1704289080,42621.2,42662.3,42605.6,42641.6,355.507
1704289140,42641.7,42653.5,42597.5,42623.1,450.702
1704289200,42623.1,42698.3,42600.7,42695.9,412.032
1704289260,42696.2,42699.8,42638.4,42638.5,440.251
1704289320,42638.4,42690.0,42617.1,42618.7,342.236
1704289380,42618.7,42629.7,42546.0,42561.7,331.8
1704289440,42561.9,42577.0,42529.2,42544.0,304.01
1704289500,42544.0,42555.0,42480.8,42533.3,551.438
1704289560,42533.2,42583.0,42516.2,42571.2,432.137
1704289620,42571.2,42575.0,42514.1,42521.5,366.182
1704289680,42521.5,42521.5,42400.0,42401.4,706.65
1704289740,42402.9,42446.4,42370.6,42415.0,993.855
1704289800,42413.6,42413.6,42310.4,42323.0,1121.132
1704289860,42323.2,42445.0,42319.5,42411.1,635.277
1704289920,42411.1,42448.7,42361.0,42448.7,511.504
1704289980,42448.6,42476.0,42406.8,42463.4,425.772
1704290040,42463.4,42479.0,42431.0,42470.0,221.604
1704290100,42470.0,42474.0,42417.1,42460.9,235.333
1704290160,42460.9,42474.0,42390.7,42391.7,256.194
1704290220,42391.7,42412.0,42354.0,42412.0,454.942
1704290280,42411.9,42461.1,42410.5,42429.8,260.881
1704290340,42430.5,42545.7,42430.5,42545.7,577.916
1704290400,42545.7,42546.4,42480.5,42484.4,470.857
1704290460,42484.4,42507.7,42452.1,42452.1,277.05
1704290520,42452.0,42452.0,42396.0,42403.8,263.155
1704290580,42403.8,42480.0,42403.8,42418.9,201.81
1704290640,42418.8,42445.0,42360.4,42369.8,372.362
1704290700,42369.8,42418.8,42354.1,42379.2,355.912
1704290760,42379.2,42420.0,42370.0,42417.5,256.002
1704290820,42417.4,42459.0,42400.0,42400.1,202.298
1704290880,42400.0,42400.1,42351.1,42365.7,235.407
1704290940,42365.7,42430.0,42358.3,42390.0,266.975
1704291000,42390.0,42400.0,42365.3,42371.9,134.608
1704291060,42371.9,42444.0,42342.9,42355.3,312.735
1704291120,42355.4,42380.8,42340.0,42340.0,318.831
1704291180,42340.0,42352.7,42262.5,42309.6,818.761
1704291240,42309.7,42341.3,42300.3,42304.3,282.749
1704291300,42303.6,42307.5,42208.0,42215.7,1038.045
1704291360,42215.7,42248.0,42101.4,42187.3,2501.19
1704291420,42192.0,42297.1,42177.2,42288.7,1382.61
1704291480,42288.6,42390.0,42288.6,42387.9,958.851
1704291540,42387.8,42406.6,42334.5,42370.9,506.895
1704291600,42370.8,42387.3,42333.5,42383.0,373.457
1704291660,42381.1,42387.5,42334.1,42365.6,264.046
1704291720,42365.6,42370.4,42239.0,42294.0,316.323
1704291780,42294.0,42320.3,42257.1,42277.5,210.66
1704291840,42277.5,42277.6,42166.6,42174.0,573.051
1704291900,42174.0,42190.1,42081.7,42171.1,1185.629
1704291960,42171.1,42242.5,42122.0,42143.8,657.177
1704292020,42143.9,42146.4,42062.7,42104.8,788.279
1704292080,42104.8,42190.0,42101.9,42165.4,684.163
1704292140,42165.5,42213.5,42121.7,42121.8,347.514
1704292200,42121.8,42263.7,42120.9,42263.6,479.423
1704292260,42263.5,42270.1,42115.3,42171.4,487.691
1704292320,42171.3,42212.2,42110.0,42212.2,410.866
1704292380,42212.2,42230.0,42153.1,42215.1,301.925
1704292440,42215.0,42224.0,42178.1,42178.1,227.826
1704292500,42177.9,42196.3,42130.2,42146.8,346.437
1704292560,42146.7,42174.4,42109.4,42109.4,242.181
1704292620,42109.4,42149.0,42093.2,42093.2,342.007
1704292680,42093.1,42120.1,42080.0,42106.3,394.142
1704292740,42106.4,42188.7,42104.0,42158.9,236.196
1704292800,42158.9,42230.7,42134.2,42218.0,403.735
1704292860,42218.1,42224.0,42142.8,42216.1,332.561
1704292920,42216.2,42250.0,42200.4,42240.0,729.626
1704292980,42239.9,42350.0,42239.9,42344.2,821.364
1704293040,42344.3,42375.0,42319.6,42369.8,759.512
1704293100,42369.8,42369.9,42280.6,42334.0,531.338
1704293160,42334.0,42334.0,42255.0,42298.2,390.736
1704293220,42298.2,42309.5,42261.3,42265.4,313.457
1704293280,42265.4,42303.3,42262.6,42297.2,198.876
1704293340,42297.2,42340.0,42289.3,42294.1,256.38
1704293400,42294.1,42330.0,42290.5,42320.0,231.132
1704293460,42320.0,42324.8,42285.0,42291.0,186.979
1704293520,42290.9,42291.0,42207.8,42248.0,320.732
1704293580,42248.1,42263.4,42201.1,42223.4,236.297
1704293640,42223.4,42278.0,42212.2,42258.7,225.434
1704293700,42258.6,42293.3,42231.6,42232.8,188.805
1704293760,42232.9,42278.1,42214.5,42278.1,181.099
1704293820,42278.1,42280.4,42208.0,42208.1,288.508
1704293880,42208.1,42230.4,42201.0,42210.0,150.626
1704293940,42210.0,42262.9,42181.1,42204.1,466.044
1704294000,42204.1,42291.0,42194.2,42281.4,365.499
1704294060,42281.8,42340.0,42248.5,42274.3,393.963
1704294120,42274.2,42375.5,42254.9,42359.1,372.942
1704294180,42359.1,42408.8,42347.6,42396.5,489.997
1704294240,42396.6,42415.8,42350.0,42368.1,526.365
1704294300,42368.2,42469.4,42366.6,42464.8,750.424
1704294360,42464.7,42477.0,42440.4,42475.1,373.752
1704294420,42474.1,42483.3,42372.8,42372.8,909.931
1704294480,42372.8,42420.0,42371.8,42410.0,388.472
1704294540,42410.0,42458.0,42407.6,42431.2,258.362
1704294600,42431.2,42435.1,42402.0,42430.0,333.279
1704294660,42429.9,42480.0,42429.9,42467.1,390.651
1704294720,42467.1,42471.5,42386.0,42443.0,420.903
1704294780,42443.3,42456.3,42400.0,42414.5,426.446
1704294840,42414.6,42437.8,42400.0,42427.0,170.078
1704294900,42427.0,42434.6,42381.3,42413.2,293.901
1704294960,42413.1,42483.3,42395.0,42402.2,781.28
1704295020,42402.2,42479.2,42400.0,42479.1,261.69
1704295080,42479.1,42483.3,42450.0,42456.4,163.209
1704295140,42456.5,42457.5,42408.2,42451.0,239.96
1704295200,42451.1,42471.6,42400.3,42400.4,183.059
1704295260,42400.3,42400.4,42320.0,42342.2,503.537
1704295320,42342.2,42375.0,42309.4,42375.0,249.854
1704295380,42375.0,42408.9,42325.4,42354.1,306.018
1704295440,42352.1,42393.9,42344.2,42385.4,174.751
1704295500,42385.4,42457.9,42378.5,42457.8,208.891
1704295560,42457.9,42471.0,42423.1,42432.9,179.961
1704295620,42432.9,42483.3,42432.8,42447.5,218.009
1704295680,42447.5,42447.5,42411.2,42423.8,166.564
1704295740,42423.8,42449.9,42419.8,42433.2,89.628
1704295800,42433.2,42449.2,42420.0,42423.4,104.478
1704295860,42423.5,42455.0,42391.3,42391.3,167.498
1704295920,42391.2,42417.8,42360.0,42417.7,166.401
1704295980,42417.8,42500.0,42417.8,42495.2,279.639
1704296040,42495.2,42529.0,42495.1,42511.7,356.11
1704296100,42511.7,42517.9,42439.1,42439.2,225.75
1704296160,42439.1,42439.2,42400.6,42407.3,198.668
1704296220,42407.4,42481.7,42407.4,42445.8,309.92
1704296280,42445.7,42474.4,42429.8,42468.6,130.522
1704296340,42468.6,42473.1,42440.6,42448.2,140.658
1704296400,42448.2,42456.2,42410.0,42432.4,139.22
1704296460,42432.4,42443.5,42392.0,42404.8,199.01
1704296520,42404.7,42459.1,42404.1,42446.2,129.826
1704296580,42446.2,42450.1,42411.5,42416.0,143.344
1704296640,42417.0,42449.5,42410.2,42418.6,117.302
1704296700,42418.6,42442.6,42398.6,42408.9,116.667
1704296760,42408.9,42408.9,42362.4,42380.4,167.175
1704296820,42380.3,42438.8,42366.9,42434.6,131.213
1704296880,42434.6,42456.8,42434.6,42451.4,105.658
1704296940,42451.5,42452.2,42432.7,42435.1,74.35
1704297000,42435.1,42435.1,42381.2,42389.6,189.385
1704297060,42389.5,42455.0,42389.5,42434.1,163.809
1704297120,42434.1,42444.5,42408.9,42416.8,93.548
1704297180,42416.9,42800.0,42416.9,42799.0,5514.079
1704297240,42798.9,43018.6,42785.9,42849.9,5817.807
1704297300,42849.9,42912.0,42721.6,42900.4,2130.0
1704297360,42898.3,43049.9,42897.7,42988.7,2333.381
1704297420,42988.7,42997.4,42819.5,42901.1,1055.958
1704297480,42901.0,43014.3,42856.5,42998.6,1004.896
1704297540,42998.9,43030.0,42952.9,43014.0,1384.325
1704297600,43014.0,43014.1,42884.3,42986.0,884.673
1704297660,42986.0,43217.9,42956.6,43204.2,2163.085
1704297720,43204.8,43568.5,43197.2,43477.2,6205.179
1704297780,43477.2,43531.2,43286.8,43526.9,2853.264
1704297840,43527.6,43595.9,43400.0,43484.5,3170.738
1704297900,43483.2,43489.0,43307.5,43340.2,1822.724
1704297960,43336.8,43361.0,43241.6,43300.0,1527.933
1704298020,43299.9,43385.3,43294.4,43367.5,921.21
1704298080,43367.6,43376.4,43323.1,43326.3,370.895
1704298140,43326.1,43337.2,43134.5,43139.8,1226.716
1704298200,43139.7,43330.0,43129.6,43315.4,972.792
1704298260,43315.4,43328.4,43236.0,43285.8,471.965
1704298320,43285.9,43325.0,43271.2,43324.9,532.527
1704298380,43324.9,43330.0,43236.5,43317.9,523.718
1704298440,43317.9,43325.0,43277.3,43280.1,362.624
1704298500,43280.0,43310.8,43254.4,43310.7,389.978
1704298560,43310.8,43336.6,43260.8,43336.6,517.958
1704298620,43336.7,43347.1,43236.0,43251.0,472.857
1704298680,43251.0,43251.0,43146.4,43160.0,699.155
1704298740,43160.0,43295.0,43151.5,43289.9,427.967
1704298800,43290.0,43308.5,43199.5,43199.5,302.422
1704298860,43199.4,43300.0,43190.0,43293.5,288.071
1704298920,43293.5,43298.1,43224.8,43235.1,227.609
1704298980,43235.2,43289.7,43235.1,43286.5,228.969
1704299040,43286.6,43318.1,43254.8,43311.4,419.404
1704299100,43311.4,43366.4,43295.3,43365.0,446.316
1704299160,43364.9,43365.0,43300.0,43336.6,431.032
1704299220,43336.5,43380.0,43326.7,43374.5,302.099
1704299280,43374.5,43437.9,43358.5,43436.3,528.151
1704299340,43436.3,43484.3,43436.3,43447.3,723.472
1704299400,43447.3,43449.7,43353.0,43360.8,473.156
1704299460,43360.8,43436.5,43360.8,43411.1,394.422
1704299520,43411.1,43429.6,43380.2,43421.1,257.045
1704299580,43421.1,43421.1,43326.3,43326.3,421.77
1704299640,43326.4,43332.5,43226.2,43232.3,596.182
1704299700,43232.3,43264.8,43212.1,43247.0,460.287
1704299760,43247.0,43282.2,43222.2,43222.2,373.305
1704299820,43222.3,43223.2,43136.0,43160.6,725.457
1704299880,43160.5,43171.5,42868.2,42915.2,3712.436
1704299940,42917.0,42988.1,42800.0,42968.6,3025.328
1704300000,42968.6,43103.3,42966.0,42973.7,965.313
1704300060,42973.7,43046.8,42942.2,43039.3,558.108
1704300120,43040.2,43040.3,42950.0,42950.0,567.865
1704300180,42950.1,42983.3,42901.7,42957.8,510.461
1704300240,42957.7,42997.4,42947.8,42970.1,277.323
1704300300,42970.0,42990.3,42801.4,42841.5,894.301
1704300360,42841.4,42922.4,42841.4,42883.2,395.346
1704300420,42883.2,43009.2,42883.2,42982.3,469.382
1704300480,42982.3,43038.1,42980.2,43006.3,448.132
1704300540,43006.2,43015.0,42982.4,43001.7,285.089
1704300600,43001.7,43025.0,42982.5,43003.5,231.047
1704300660,43003.4,43029.8,42959.2,42968.8,330.502
1704300720,42968.7,42999.6,42940.6,42953.6,432.188
1704300780,42953.5,42998.4,42945.0,42960.4,205.35
1704300840,42960.4,43054.9,42943.9,43054.9,432.821
1704300900,43054.8,43097.8,43052.3,43079.5,529.448
1704300960,43079.5,43083.9,43025.0,43034.4,269.367
1704301020,43034.3,43034.4,42957.0,42957.0,244.733
1704301080,42957.0,42989.1,42950.0,42971.8,210.292
1704301140,42971.9,43037.2,42971.8,43009.2,189.927
1704301200,43009.1,43049.8,42958.2,43029.3,243.351
1704301260,43029.2,43049.5,42968.8,43009.0,164.18
1704301320,43008.9,43018.7,42946.5,42957.7,222.039
1704301380,42957.7,42962.4,42890.0,42926.8,580.438
1704301440,42926.9,42956.3,42872.1,42943.2,381.398
1704301500,42943.2,42945.1,42892.1,42908.8,196.671
1704301560,42908.8,42914.3,42854.0,42860.9,313.976
1704301620,42860.9,42886.6,42820.8,42876.5,334.157
1704301680,42876.6,42934.3,42873.8,42918.6,190.755
1704301740,42918.7,42954.0,42883.5,42897.4,210.008
1704301800,42897.5,42956.6,42873.6,42927.0,170.211
1704301860,42927.1,42930.4,42900.0,42911.2,207.389
1704301920,42911.2,42927.9,42900.0,42901.6,245.435
1704301980,42901.6,42927.3,42890.0,42927.2,272.161
1704302040,42927.3,42934.3,42922.9,42929.1,119.528
1704302100,42929.0,42932.8,42882.4,42925.1,187.199
1704302160,42925.0,42925.0,42595.0,42657.1,2271.045
1704302220,42657.1,42790.0,42635.9,42789.9,1402.997
1704302280,42790.0,42847.7,42672.0,42733.9,694.276
1704302340,42733.9,42751.9,42626.1,42630.1,1194.974
1704302400,42630.0,42727.1,42620.0,42727.1,446.952
1704302460,42727.2,42740.5,42674.0,42700.5,259.048
1704302520,42700.5,42727.5,42700.0,42705.0,159.99
1704302580,42705.0,42743.1,42688.4,42730.8,178.162
1704302640,42730.7,42768.0,42692.7,42764.4,274.781
1704302700,42764.3,42771.0,42690.8,42741.5,350.272
1704302760,42741.5,42761.1,42739.8,42752.7,163.846
1704302820,42752.6,42800.1,42745.0,42800.1,178.449
1704302880,42800.1,42832.8,42794.9,42823.0,257.525
1704302940,42822.2,42825.4,42794.9,42794.9,210.028
1704303000,42794.9,42825.4,42744.0,42823.4,336.35
1704303060,42823.4,42823.5,42797.0,42815.3,143.709
1704303120,42815.3,42865.2,42808.4,42865.1,221.971
1704303180,42865.2,42935.2,42840.6,42922.4,740.632
1704303240,42922.3,42929.5,42862.0,42875.0,286.832
1704303300,42875.1,42889.6,42842.6,42851.9,149.259
1704303360,42851.9,42853.1,42806.5,42820.8,240.893
1704303420,42821.8,42832.2,42805.9,42824.0,78.182
1704303480,42823.9,42870.1,42823.9,42853.3,172.025
1704303540,42853.2,42864.6,42824.0,42824.1,103.361
1704303600,42824.1,42869.9,42822.3,42860.6,106.848
1704303660,42862.3,42862.4,42822.0,42847.0,113.453
1704303720,42846.9,42891.2,42846.9,42891.2,80.661
1704303780,42891.1,42893.4,42880.0,42885.5,92.035
1704303840,42885.6,42885.6,42773.4,42773.5,205.138
1704303900,42773.4,42827.6,42773.4,42817.9,155.297
1704303960,42817.9,42825.3,42724.3,42728.9,360.56
1704304020,42729.0,42729.0,42670.0,42698.0,529.336
1704304080,42698.0,42700.0,42644.8,42673.6,366.151
1704304140,42673.6,42698.5,42670.3,42697.4,145.885
1704304200,42697.4,42702.0,42692.1,42698.6,238.27
1704304260,42698.7,42702.0,42655.1,42686.3,458.374
1704304320,42686.3,42769.8,42686.2,42721.7,666.427
1704304380,42721.8,42736.1,42660.5,42672.4,331.835
1704304440,42672.4,42695.4,42660.3,42684.7,163.117
1704304500,42684.8,42732.8,42684.7,42725.2,205.078
1704304560,42725.3,42782.9,42723.2,42782.6,299.647
1704304620,42782.6,42800.0,42775.5,42786.4,138.468
1704304680,42786.5,42872.9,42786.5,42869.1,255.461
1704304740,42869.1,42927.5,42852.1,42914.5,471.016
1704304800,42914.5,42914.5,42870.5,42870.5,246.775
1704304860,42870.5,42884.9,42840.2,42850.8,284.826
1704304920,42850.8,42883.0,42838.2,42870.4,92.995
1704304980,42870.1,42894.1,42853.5,42881.5,113.743
1704305040,42881.4,42911.7,42881.4,42910.0,175.834
1704305100,42910.0,42950.5,42891.4,42950.5,243.322
1704305160,42950.5,43064.9,42942.6,43022.3,1052.075
1704305220,43022.3,43044.0,42981.6,42986.6,347.158
1704305280,42986.5,43030.8,42962.8,42962.9,262.667
1704305340,42962.9,42996.0,42897.8,42918.8,735.817
1704305400,42918.8,42925.9,42852.0,42866.2,274.564
1704305460,42866.1,42932.0,42866.1,42912.3,161.463
1704305520,42912.4,42914.1,42888.3,42911.5,61.77
1704305580,42911.5,42916.1,42876.6,42911.4,126.829
1704305640,42911.4,42911.9,42867.6,42884.8,209.886
1704305700,42884.9,42908.3,42866.1,42903.9,105.918
1704305760,42903.9,42966.0,42903.8,42966.0,142.234
1704305820,42966.0,42973.4,42920.0,42945.3,131.438
1704305880,42945.3,43025.0,42945.3,43017.6,308.725
1704305940,43017.6,43018.8,42966.8,42977.7,215.71
1704306000,42977.6,42991.0,42967.7,42980.3,86.059
1704306060,42980.3,42980.3,42915.4,42924.1,185.713
1704306120,42924.1,42931.6,42908.3,42923.0,107.411
1704306180,42923.1,42968.1,42923.1,42945.6,92.667
1704306240,42945.7,42968.1,42933.2,42952.0,74.484
1704306300,42952.0,42975.6,42888.0,42888.0,182.685
1704306360,42888.1,42891.6,42775.2,42785.3,686.063
1704306420,42785.4,42836.2,42785.4,42818.3,364.745
1704306480,42818.3,42834.5,42756.5,42765.0,178.704
1704306540,42765.0,42804.5,42741.2,42760.9,299.61
1704306600,42760.8,42765.0,42715.6,42739.0,373.047
1704306660,42738.9,42807.0,42738.0,42739.5,327.199
1704306720,42739.5,42739.5,42702.1,42734.4,285.015
1704306780,42734.4,42739.0,42674.6,42676.4,249.067
1704306840,42676.3,42685.5,42622.3,42652.6,608.718
1704306900,42652.5,42665.5,42500.7,42563.2,1810.765
1704306960,42563.2,42629.0,42558.7,42620.6,400.178
1704307020,42620.5,42676.0,42620.5,42666.9,242.643
1704307080,42666.9,42666.9,42600.0,42654.2,192.406
1704307140,42654.2,42660.0,42615.3,42659.9,185.458
1704307200,42659.8,42700.0,42647.6,42685.6,183.582
1704307260,42685.7,42701.7,42662.9,42699.0,106.552
1704307320,42699.1,42699.1,42671.4,42691.0,71.357
1704307380,42690.9,42709.0,42639.7,42654.5,193.519
1704307440,42654.4,42704.4,42652.3,42704.4,126.732
1704307500,42704.3,42739.3,42662.9,42662.9,218.52
1704307560,42663.0,42691.1,42627.0,42636.4,206.355
1704307620,42636.5,42643.0,42580.0,42584.8,386.042
1704307680,42584.9,42650.0,42563.5,42650.0,562.903
1704307740,42649.9,42656.7,42607.1,42627.8,185.665
1704307800,42627.8,42679.9,42614.8,42675.9,103.211
1704307860,42676.0,42688.0,42665.9,42682.7,93.286
1704307920,42682.7,42686.9,42621.0,42621.1,81.811
1704307980,42621.1,42645.0,42613.5,42640.2,74.063
1704308040,42640.2,42679.2,42640.1,42644.9,86.976
1704308100,42644.9,42649.2,42577.0,42584.3,169.332
1704308160,42584.3,42584.4,41920.0,42284.5,7595.906
1704308220,42287.6,42363.6,42160.0,42248.0,2001.785
1704308280,42248.0,42356.7,42234.3,42350.0,1174.051
1704308340,42350.0,42360.6,42200.5,42267.6,705.765
1704308400,42267.6,42386.1,42238.8,42342.2,1139.077
1704308460,42342.3,42342.3,42222.0,42305.6,615.539
1704308520,42305.4,42305.4,42163.9,42242.0,979.513
1704308580,42242.0,42306.0,42187.5,42268.2,533.606
1704308640,42268.2,42320.0,42226.5,42311.4,474.315
1704308700,42313.3,42423.8,42302.1,42423.7,741.079
1704308760,42423.7,42471.0,42391.6,42415.4,682.168
1704308820,42415.4,42459.9,42402.3,42406.0,487.31
1704308880,42406.0,42459.8,42400.5,42455.5,220.247
1704308940,42455.5,42487.6,42421.5,42432.0,449.525
1704309000,42432.0,42487.0,42413.9,42487.0,207.687
1704309060,42486.9,42535.3,42464.4,42486.6,471.806
1704309120,42486.7,42523.2,42463.4,42480.8,432.66
1704309180,42480.8,42496.8,42450.0,42476.0,196.6
1704309240,42475.9,42490.6,42442.1,42454.4,155.861
1704309300,42454.4,42541.6,42440.1,42523.0,274.335
1704309360,42522.9,42522.9,42482.4,42512.0,116.538
1704309420,42511.9,42530.0,42457.6,42476.3,242.752
1704309480,42476.8,42529.4,42471.2,42526.1,97.624
1704309540,42526.2,42530.0,42491.4,42491.4,127.991
1704309600,42491.0,42559.7,42470.1,42557.7,319.82
1704309660,42557.7,42575.0,42532.9,42574.0,302.004
1704309720,42574.1,42662.6,42565.9,42601.2,770.784
1704309780,42601.3,42670.7,42601.3,42661.5,471.419
1704309840,42661.5,42666.1,42605.8,42630.3,443.35
1704309900,42630.2,42666.1,42615.0,42644.5,211.614
1704309960,42644.4,42673.7,42620.0,42670.3,166.581
1704310020,42670.3,42670.3,42620.0,42632.7,204.584
1704310080,42632.4,42660.4,42620.0,42653.7,177.11
1704310140,42653.6,42681.0,42649.3,42677.8,143.975
1704310200,42677.9,42680.4,42630.0,42663.0,236.203
1704310260,42663.0,42741.6,42656.0,42719.3,438.318
1704310320,42719.4,42720.3,42667.8,42679.7,393.326
1704310380,42679.7,42726.6,42679.6,42704.9,214.016
1704310440,42704.9,43040.0,42681.1,42943.2,4021.199
1704310500,42943.1,43031.0,42883.8,42966.4,1511.049
1704310560,42966.4,43016.5,42856.0,42856.1,789.736
1704310620,42856.0,42905.2,42813.5,42828.3,298.329
1704310680,42828.3,42849.9,42760.0,42791.5,575.971
1704310740,42792.1,42850.0,42786.3,42798.4,497.422
1704310800,42798.5,42833.6,42770.5,42805.1,251.129
1704310860,42805.0,42820.9,42770.0,42779.1,258.694
1704310920,42777.7,42777.7,42711.6,42737.3,368.9
1704310980,42738.0,42741.3,42699.0,42705.6,206.969
1704311040,42705.6,42739.8,42686.8,42690.0,285.282
1704311100,42690.0,42727.0,42682.5,42709.5,285.421
1704311160,42709.5,42709.5,42619.5,42660.6,468.191
1704311220,42660.6,42692.0,42636.2,42653.0,249.482
1704311280,42654.2,42694.8,42652.4,42660.1,201.562
1704311340,42660.0,42677.6,42641.8,42660.3,179.752
1704311400,42660.4,42698.4,42586.0,42607.0,496.051
1704311460,42607.0,42657.7,42607.0,42639.2,191.808
1704311520,42639.2,42650.0,42582.8,42582.9,190.664
1704311580,42582.9,42632.3,42582.2,42616.1,180.633
1704311640,42616.1,42629.4,42586.9,42621.4,100.87
1704311700,42621.4,42632.0,42594.8,42616.2,152.901
1704311760,42616.2,42646.3,42592.2,42610.3,133.274
1704311820,42610.9,42610.9,42551.0,42580.6,458.223
1704311880,42580.6,42595.0,42573.1,42591.1,83.073
1704311940,42591.1,42644.4,42591.0,42600.4,277.614
1704312000,42600.4,42648.6,42570.9,42648.6,229.407
1704312060,42648.5,42655.0,42628.9,42637.8,90.112
1704312120,42637.7,42690.0,42637.7,42682.3,155.715
1704312180,42682.3,42682.3,42640.8,42640.8,114.753
1704312240,42640.8,42652.3,42621.3,42641.7,77.007
1704312300,42641.8,42649.3,42577.0,42610.5,153.826
1704312360,42610.4,42610.5,42562.5,42562.6,104.046
1704312420,42562.6,42614.3,42562.5,42585.9,110.49
1704312480,42586.0,42593.7,42555.5,42579.9,139.107
1704312540,42580.0,42617.0,42569.2,42612.7,119.983
1704312600,42611.7,42611.7,42517.6,42524.3,263.935
1704312660,42524.3,42624.9,42522.3,42613.7,195.516
1704312720,42613.6,42613.7,42574.1,42574.1,76.916
1704312780,42574.2,42600.6,42566.9,42577.4,130.572
1704312840,42577.3,42610.3,42564.7,42610.3,82.21
1704312900,42610.3,42630.0,42604.0,42630.0,136.354
1704312960,42630.0,42671.9,42629.9,42654.9,115.023
1704313020,42655.0,42662.7,42639.0,42649.4,115.847
1704313080,42649.4,42736.0,42647.7,42722.0,411.155
1704313140,42722.1,42722.1,42681.4,42696.1,121.494
1704313200,42696.1,42696.1,42661.9,42693.6,149.331
1704313260,42693.6,42696.1,42666.0,42689.1,95.353
1704313320,42689.2,42761.4,42677.3,42748.8,454.489
1704313380,42748.7,42748.7,42691.7,42708.7,104.368
1704313440,42708.8,42728.0,42702.9,42711.6,89.961
1704313500,42711.7,42726.0,42700.1,42710.6,99.855
1704313560,42710.6,42727.2,42704.7,42725.0,86.014
1704313620,42725.0,42767.9,42721.6,42754.7,179.672
1704313680,42754.7,42765.0,42750.2,42753.7,64.068
1704313740,42753.7,42764.0,42704.4,42723.6,112.684
1704313800,42723.5,42742.1,42712.4,42722.4,52.476
1704313860,42722.3,42791.2,42722.3,42764.9,134.654
1704313920,42765.0,42821.8,42765.0,42801.5,326.887
1704313980,42801.6,42822.8,42774.0,42801.2,158.696
1704314040,42801.2,42803.3,42778.7,42789.3,121.934
1704314100,42789.2,42832.5,42789.2,42827.4,89.707
1704314160,42827.4,42845.0,42788.7,42788.7,156.678
1704314220,42788.7,42831.2,42776.1,42817.9,116.066
1704314280,42817.9,42850.0,42812.7,42834.7,123.353
1704314340,42834.8,42848.9,42820.9,42835.8,90.514
1704314400,42835.7,42850.4,42830.5,42830.8,111.262
1704314460,42830.9,42833.3,42776.1,42777.7,154.128
1704314520,42777.8,42800.0,42760.0,42774.9,132.684
1704314580,42774.9,42790.0,42682.1,42692.8,451.575
1704314640,42692.9,42700.0,42642.0,42670.6,402.994
1704314700,42670.5,42706.0,42663.2,42699.7,81.703
1704314760,42699.7,42699.8,42665.2,42670.9,186.596
1704314820,42671.0,42689.1,42668.5,42676.8,67.294
1704314880,42676.8,42750.5,42676.7,42700.2,189.48
1704314940,42700.2,42700.2,42680.0,42698.4,81.943
1704315000,42698.5,42726.7,42693.3,42710.3,139.845
1704315060,42710.4,42733.0,42686.9,42691.2,79.575
1704315120,42691.2,42713.0,42684.1,42704.6,58.731
1704315180,42704.5,42744.7,42704.5,42732.1,92.726
1704315240,42732.1,42742.0,42705.8,42705.8,57.031
1704315300,42705.5,42740.6,42704.5,42727.6,54.204
1704315360,42727.6,42745.1,42726.2,42734.4,34.949
1704315420,42736.2,42784.0,42728.9,42758.6,183.557
1704315480,42758.5,42768.2,42751.2,42766.1,67.062
1704315540,42766.0,42767.4,42688.5,42724.5,395.916
1704315600,42724.6,42731.9,42700.0,42710.9,84.533
1704315660,42711.5,42751.7,42711.5,42736.7,60.409
1704315720,42736.8,42775.1,42735.0,42737.5,95.554
1704315780,42737.6,42764.6,42736.1,42754.7,79.397
1704315840,42754.8,42776.8,42753.9,42763.6,48.182
1704315900,42763.7,42777.9,42745.1,42749.9,66.009
1704315960,42749.9,42759.2,42710.0,42713.7,95.665
1704316020,42713.7,42713.7,42654.1,42658.3,174.525
1704316080,42658.4,42658.4,42600.5,42616.1,282.78
1704316140,42616.0,42620.8,42585.3,42620.5,213.455
1704316200,42620.4,42660.5,42615.4,42658.3,187.58
1704316260,42658.3,42662.7,42616.0,42616.0,83.906
1704316320,42616.0,42622.1,42586.4,42614.5,130.483
1704316380,42617.2,42655.0,42617.1,42621.8,112.225
1704316440,42621.8,42647.2,42621.8,42630.2,62.246
1704316500,42630.3,42824.1,42624.5,42810.2,1071.141
1704316560,42810.2,42889.1,42794.9,42862.6,1081.05
1704316620,42862.6,42866.7,42855.0,42855.1,346.049
1704316680,42855.0,42855.1,42763.9,42817.2,393.357
1704316740,42817.3,42849.0,42788.0,42837.8,150.409
1704316800,42837.8,42849.4,42813.6,42818.8,138.124
1704316860,42818.9,42820.2,42788.1,42803.5,107.234
1704316920,42803.5,42803.6,42772.0,42778.7,65.894
1704316980,42778.8,42806.3,42776.0,42790.5,49.644
1704317040,42790.5,42852.4,42782.3,42848.1,165.55
1704317100,42848.1,42849.1,42795.1,42800.7,119.196
1704317160,42800.6,42828.4,42793.1,42828.4,69.065
1704317220,42828.3,42852.3,42811.3,42840.0,126.649
1704317280,42840.1,42888.0,42840.1,42888.0,240.503
1704317340,42888.0,42895.8,42811.3,42821.8,814.466
1704317400,42821.9,42830.0,42758.0,42800.0,536.897
1704317460,42800.0,42800.0,42763.8,42776.4,108.039
1704317520,42776.5,42795.9,42764.8,42775.7,82.002
1704317580,42775.6,42853.2,42758.0,42842.1,355.217
1704317640,42842.1,42852.6,42831.8,42847.8,53.196
1704317700,42847.9,42877.9,42839.7,42855.1,184.761
1704317760,42855.4,42880.0,42836.5,42853.4,258.418
1704317820,42853.5,42859.0,42815.0,42815.0,66.17
1704317880,42815.0,42815.1,42784.9,42810.1,204.137
1704317940,42810.1,42834.0,42807.7,42811.0,68.726
1704318000,42810.9,42841.9,42810.9,42841.8,42.56
1704318060,42841.9,42868.9,42839.4,42848.7,62.161
1704318120,42848.6,42856.1,42840.5,42850.0,51.263
1704318180,42849.9,42850.0,42839.9,42847.5,26.802
1704318240,42847.4,42878.0,42847.4,42870.5,75.993
1704318300,42870.6,42877.5,42851.8,42870.3,87.292
1704318360,42870.3,42907.6,42860.6,42907.6,106.141
1704318420,42907.6,42926.4,42892.0,42905.1,177.512
1704318480,42905.1,42905.1,42881.3,42891.8,121.839
1704318540,42891.9,42920.0,42886.9,42920.0,80.036
1704318600,42920.0,42920.0,42887.1,42913.9,90.377
1704318660,42914.0,42972.2,42909.2,42962.5,407.342
1704318720,42962.6,42974.5,42940.1,42950.4,194.034
1704318780,42950.4,42963.2,42938.4,42938.4,79.121
1704318840,42938.3,42958.9,42912.1,42943.3,127.336
1704318900,42943.4,42966.0,42929.0,42962.5,70.997
1704318960,42962.5,42968.2,42938.9,42961.1,109.813
1704319020,42961.0,42963.2,42916.5,42930.7,204.708
1704319080,42930.7,42930.8,42887.7,42893.7,234.507
1704319140,42893.7,42930.9,42890.4,42927.1,83.352
1704322800,42753.6,42781.0,42723.4,42781.0,186.997
1704322860,42780.9,42781.0,42714.0,42714.1,149.215
1704322920,42714.1,42714.1,42677.7,42677.7,70.75
1704322980,42677.7,42714.9,42665.2,42665.2,179.707
1704323040,42665.2,42684.2,42661.6,42682.2,143.462
1704323100,42682.3,42691.4,42631.0,42670.2,205.45
1704323160,42670.2,42679.9,42641.5,42656.8,173.141
1704323220,42656.9,42679.8,42651.0,42661.3,53.456
1704323280,42661.3,42661.4,42620.3,42654.1,129.452
1704323340,42654.2,42654.2,42626.5,42627.6,68.425
1704323400,42627.5,42639.2,42588.1,42616.5,186.294
1704323460,42616.5,42688.9,42616.4,42681.4,152.328
1704323520,42681.5,42689.8,42634.0,42634.0,82.041
1704323580,42633.9,42647.8,42618.4,42631.4,74.848
1704323640,42631.4,42648.4,42631.4,42634.5,45.432
1704323700,42634.5,42649.1,42618.5,42618.5,85.205
1704323760,42618.6,42653.7,42618.6,42647.8,51.947
1704323820,42647.7,42673.3,42647.7,42673.3,53.551
1704323880,42673.2,42694.5,42656.6,42691.1,64.887
1704323940,42693.7,42700.0,42674.0,42695.2,78.706
1704324000,42695.2,42716.0,42695.2,42712.0,90.669
1704324060,42712.0,42723.4,42690.3,42723.3,92.091
1704324120,42723.4,42723.4,42697.5,42702.9,71.168
1704324180,42702.9,42713.9,42692.1,42702.9,188.666
1704324240,42702.8,42724.3,42699.0,42702.9,76.945
1704324300,42703.0,42770.1,42702.9,42770.1,131.57
1704324360,42770.2,42791.4,42758.0,42775.1,190.383
1704324420,42775.0,42790.0,42764.1,42783.0,88.791
1704324480,42783.0,42786.7,42761.1,42774.0,108.213
1704324540,42774.1,42777.2,42765.8,42765.9,58.821
1704324600,42765.8,42776.2,42725.3,42742.4,103.239
1704324660,42742.4,42760.4,42729.9,42751.2,82.586
1704324720,42751.1,42768.0,42747.7,42756.3,38.728
1704324780,42756.4,42759.6,42708.3,42710.0,166.706
1704324840,42708.7,42713.0,42698.9,42708.1,72.366
1704324900,42708.0,42713.0,42700.7,42704.0,46.905
1704324960,42704.0,42724.6,42704.0,42724.6,46.715
1704325020,42724.6,42724.6,42712.8,42713.3,27.584
1704325080,42713.3,42745.9,42713.3,42730.1,55.909
1704325140,42730.0,42752.7,42730.0,42751.0,47.252
1704325200,42751.0,42769.7,42741.8,42768.9,101.424
1704325260,42768.9,42768.9,42756.8,42756.8,29.393
1704325320,42756.8,42762.3,42742.5,42742.5,27.431
1704325380,42742.5,42742.6,42720.6,42720.6,48.706
1704325440,42720.2,42720.2,42708.0,42709.4,31.345
1704325500,42709.4,42739.5,42693.7,42739.5,85.182
1704325560,42739.4,42763.5,42738.1,42763.5,67.85
1704325620,42763.5,42770.9,42752.7,42770.8,45.634
1704325680,42770.8,42775.0,42760.6,42773.5,33.037
1704325740,42773.5,42817.0,42763.3,42806.2,190.959
1704325800,42806.2,42809.6,42793.1,42793.1,53.864
1704325860,42793.1,42793.2,42764.7,42767.4,48.34
1704325920,42767.5,42788.8,42767.4,42788.7,54.299
1704325980,42788.7,42806.9,42785.1,42799.0,56.994
1704326040,42799.0,42834.7,42793.0,42831.9,177.638
1704326100,42831.8,42831.9,42824.9,42825.9,42.676
1704326160,42825.9,42830.0,42796.9,42806.9,113.662
1704326220,42807.0,42827.6,42806.9,42818.9,56.129
1704326280,42818.8,42838.7,42818.8,42838.6,49.134
1704326340,42838.6,42857.9,42832.7,42849.5,114.864
1704326400,42849.5,42849.5,42806.0,42818.3,122.238
1704326460,42818.3,42862.4,42817.1,42842.0,225.635
1704326520,42841.9,42869.5,42814.1,42869.4,321.399
1704326580,42869.5,42872.3,42830.0,42830.0,312.427
1704326640,42830.1,42838.4,42809.6,42832.7,345.718
1704326700,42832.7,42872.3,42816.0,42822.5,231.099
1704326760,42822.4,42841.5,42756.5,42777.8,502.069
1704326820,42777.7,42857.4,42764.6,42857.3,196.287
1704326880,42857.4,42885.3,42848.4,42870.2,166.577
1704326940,42870.2,42908.5,42870.1,42892.2,247.279
1704327000,42892.2,42918.0,42892.2,42899.0,188.989
1704327060,42898.9,42921.9,42895.1,42916.8,165.369
1704327120,42916.9,42929.8,42893.6,42900.2,109.879
1704327180,42900.1,42911.1,42900.1,42911.1,95.166
1704327240,42911.0,42960.0,42911.0,42940.8,533.479
1704327300,42940.9,42965.5,42923.0,42952.3,226.098
1704327360,42952.3,42997.1,42940.0,42940.0,275.886
1704327420,42940.1,42975.0,42940.1,42957.7,125.903
1704327480,42957.7,42975.7,42940.0,42940.0,104.086
1704327540,42940.0,42940.0,42912.1,42925.1,85.026
1704327600,42925.1,42943.3,42876.0,42877.3,163.957
1704327660,42877.2,42877.2,42846.3,42876.0,206.308
1704327720,42876.0,42880.5,42826.1,42826.1,221.328
1704327780,42826.1,42845.0,42818.0,42839.5,191.339
1704327840,42839.5,42839.5,42800.4,42832.1,164.71
1704327900,42832.1,42852.5,42810.0,42847.2,129.917
1704327960,42847.1,42859.6,42834.8,42841.2,76.835
1704328020,42841.2,42883.3,42841.1,42864.8,91.671
1704328080,42864.8,42884.0,42862.0,42883.9,45.977
1704328140,42883.9,42902.0,42883.9,42896.1,90.266
1704328200,42896.1,42919.7,42884.2,42910.4,97.826
1704328260,42910.5,42929.3,42863.7,42873.4,97.468
1704328320,42873.4,42887.6,42864.0,42865.9,54.624
1704328380,42865.9,42870.0,42858.4,42859.7,47.182
1704328440,42859.7,42863.3,42854.4,42863.2,44.62
1704328500,42863.3,42873.9,42859.0,42872.5,62.807
1704328560,42872.5,42951.1,42872.5,42948.2,126.733
1704328620,42948.2,42958.8,42914.9,42944.9,145.43
1704328680,42944.9,42944.9,42897.4,42897.5,81.458
1704328740,42897.6,42921.0,42897.6,42914.1,70.185
1704328800,42914.1,42921.0,42875.6,42875.6,72.287
1704328860,42875.6,42903.9,42871.5,42903.8,33.942
1704328920,42903.8,42906.9,42892.3,42892.3,24.497
1704328980,42892.3,42892.4,42880.0,42880.0,57.379
1704329040,42880.0,42880.0,42852.0,42866.2,178.606
1704329100,42866.1,42882.8,42866.1,42873.7,69.717
1704329160,42873.8,42878.7,42866.2,42866.2,31.644
1704329220,42866.3,42870.0,42845.8,42845.8,60.551
1704329280,42845.9,42853.2,42838.6,42842.0,47.655
1704329340,42842.0,42849.0,42830.3,42841.6,101.574
1704329400,42841.7,42849.0,42821.0,42849.0,72.175
1704329460,42849.1,42880.6,42849.1,42866.7,63.519
1704329520,42866.7,42866.8,42843.5,42846.8,34.107
1704329580,42846.9,42846.9,42827.5,42832.7,55.787
1704329640,42832.7,42869.9,42832.7,42869.9,126.298
1704329700,42869.9,42896.0,42845.0,42896.0,176.356
1704329760,42896.0,42898.9,42862.1,42870.6,87.901
1704329820,42870.6,42881.2,42870.6,42879.0,22.674
1704329880,42878.9,42887.3,42874.7,42882.0,53.369
1704329940,42881.9,42894.9,42881.7,42883.4,47.973
1704330000,42883.4,42888.7,42860.6,42866.4,45.314
1704330060,42866.4,42949.3,42858.6,42933.5,213.952
1704330120,42934.0,42938.9,42917.0,42918.0,147.4
1704330180,42918.0,42922.8,42907.3,42911.0,41.22
1704330240,42911.0,42926.9,42903.1,42903.8,50.246
1704330300,42903.1,42913.2,42887.2,42887.2,55.485
1704330360,42887.2,42899.0,42842.5,42847.9,200.348
1704330420,42847.9,42856.7,42825.6,42833.6,93.581
1704330480,42833.5,42851.7,42823.5,42825.7,131.616
1704330540,42825.8,42843.8,42820.8,42843.7,110.221
1704330600,42843.7,42890.8,42840.1,42890.0,75.753
1704330660,42889.9,42890.0,42862.1,42886.4,77.185
1704330720,42886.4,42897.8,42882.0,42884.5,47.95
1704330780,42884.5,42894.9,42884.5,42892.0,41.138
1704330840,42892.1,42901.1,42880.3,42898.0,52.267
1704330900,42898.0,42898.0,42837.1,42844.0,90.952
1704330960,42844.1,42844.1,42801.2,42818.1,121.297
1704331020,42818.1,42828.7,42751.4,42766.6,521.48
1704331080,42766.5,42766.6,42720.5,42720.6,196.086
1704331140,42720.5,42749.9,42716.7,42743.1,147.988
1704331200,42743.1,42756.2,42701.3,42702.2,192.804
1704331260,42702.2,42762.5,42702.2,42749.9,154.359
1704331320,42749.9,42750.0,42720.0,42720.0,101.42
1704331380,42720.0,42722.5,42667.0,42675.0,370.469
1704331440,42675.0,42719.4,42633.0,42646.5,527.946
1704331500,42646.6,42670.8,42625.0,42664.4,258.443
1704331560,42664.4,42733.8,42659.9,42726.3,174.312
1704331620,42726.2,42749.9,42702.6,42702.6,170.036
1704331680,42702.6,42721.4,42679.1,42711.6,154.173
1704331740,42711.6,42723.4,42694.2,42718.7,78.319
1704331800,42718.7,42770.1,42700.3,42757.7,162.843
1704331860,42757.7,42761.0,42711.6,42731.1,94.279
1704331920,42731.0,42747.3,42685.6,42712.7,102.051
1704331980,42712.7,42749.9,42711.9,42749.6,72.973
1704332040,42749.6,42750.0,42711.9,42718.7,96.734
1704332100,42718.8,42718.8,42675.0,42676.7,110.854
1704332160,42676.7,42713.1,42667.3,42708.6,130.931
1704332220,42708.5,42708.7,42670.0,42678.0,120.294
1704332280,42678.1,42700.0,42678.0,42685.5,66.634
1704332340,42685.6,42689.7,42665.2,42665.5,71.213
1704332400,42665.5,42694.6,42655.0,42678.1,80.278
1704332460,42678.1,42679.3,42655.2,42665.6,87.286
1704332520,42665.7,42687.0,42636.1,42681.1,359.74
1704332580,42681.2,42686.7,42641.6,42654.1,129.016
1704332640,42654.1,42679.3,42649.9,42672.3,131.864
1704332700,42672.3,42683.9,42653.9,42676.5,94.123
1704332760,42676.4,42702.7,42674.1,42702.7,59.699
1704332820,42702.6,42713.8,42695.4,42711.9,59.517
1704332880,42711.8,42732.9,42699.8,42732.8,108.639
1704332940,42732.8,42763.0,42730.7,42759.6,136.516
1704333000,42759.5,42762.1,42723.7,42737.1,155.494
1704333060,42737.0,42739.2,42717.8,42719.0,45.467
1704333120,42718.9,42719.0,42689.3,42693.9,96.686
1704333180,42693.9,42714.7,42693.9,42702.5,93.265
1704333240,42702.5,42702.6,42669.0,42685.6,109.848
1704333300,42685.6,42734.0,42685.5,42731.1,137.246
1704333360,42731.0,42731.0,42682.6,42686.9,119.281
1704333420,42686.8,42734.6,42686.8,42732.9,74.431
1704333480,42732.9,42735.4,42721.8,42721.8,60.744
1704333540,42721.3,42721.3,42695.6,42716.6,88.204
1704333600,42716.6,42734.1,42711.1,42728.6,68.59
1704333660,42728.6,42734.9,42700.0,42704.0,43.315
1704333720,42704.0,42732.4,42700.4,42732.3,70.777
1704333780,42732.3,42744.1,42725.8,42740.5,56.207
1704333840,42740.5,42753.1,42740.5,42750.5,41.429
1704333900,42750.4,42782.0,42750.4,42781.9,119.962
1704333960,42782.0,42788.0,42754.9,42780.9,140.87
1704334020,42780.9,42782.7,42756.8,42773.1,127.343
1704334080,42773.2,42777.2,42758.1,42761.4,42.37
1704334140,42761.5,42769.7,42761.4,42769.2,30.535
1704334200,42769.2,42800.0,42769.1,42797.6,98.163
1704334260,42797.6,42839.9,42795.1,42839.9,315.804
1704334320,42839.8,42886.9,42839.8,42883.0,179.829
1704334380,42882.9,42888.7,42858.5,42869.9,156.589
1704334440,42870.0,42910.0,42869.9,42901.1,206.42
1704334500,42901.1,42909.6,42878.7,42906.7,298.951
1704334560,42906.7,42938.5,42906.7,42937.2,309.393
1704334620,42937.3,42959.0,42933.6,42945.0,289.179
1704334680,42945.0,42974.7,42944.9,42963.0,178.057
1704334740,42962.9,42974.7,42925.4,42933.2,261.121
1704334800,42933.2,42964.4,42933.2,42954.3,199.087
1704334860,42954.3,42968.0,42947.9,42956.2,123.472
1704334920,42956.2,42957.6,42944.3,42948.4,43.876
1704334980,42948.4,42948.5,42906.5,42910.3,119.077
1704335040,42910.4,42927.9,42910.4,42921.2,76.477
1704335100,42921.3,42922.8,42893.8,42902.8,94.94
1704335160,42902.8,42908.7,42868.9,42897.8,291.742
1704335220,42897.9,42909.2,42888.0,42903.6,77.468
1704335280,42903.5,42903.6,42888.0,42888.0,38.302
1704335340,42888.0,42900.0,42885.1,42897.3,36.624
1704335400,42897.3,42917.6,42888.4,42906.5,61.109
1704335460,42906.4,42927.9,42903.5,42922.7,90.034
1704335520,42922.7,42942.9,42875.2,42875.2,134.03
1704335580,42875.2,42927.9,42875.2,42917.3,92.109
1704335640,42917.4,42925.6,42897.8,42903.3,68.918
1704335700,42903.4,42938.5,42898.7,42933.1,67.642
1704335760,42933.1,42961.1,42933.0,42933.6,85.904
1704335820,42933.2,42935.5,42918.4,42918.5,31.908
1704335880,42918.5,42928.1,42913.4,42919.3,47.03
1704335940,42919.3,42934.8,42915.4,42928.2,42.275
1704336000,42928.2,42943.9,42928.2,42943.9,42.301
1704336060,42943.8,42960.0,42935.6,42947.2,69.13
1704336120,42947.1,42957.0,42935.0,42954.6,140.009
1704336180,42954.5,42956.7,42949.9,42952.0,40.177
1704336240,42952.1,42963.9,42940.7,42962.5,44.669
1704336300,42962.5,43000.0,42959.9,42992.0,316.323
1704336360,42991.9,43091.0,42991.2,43072.1,675.335
1704336420,43072.1,43136.0,43047.2,43105.8,761.032
1704336480,43105.8,43105.9,43053.7,43087.5,300.774
1704336540,43087.5,43087.5,43057.2,43080.9,136.223
1704336600,43081.0,43086.7,43053.2,43053.2,147.236
1704336660,43053.3,43088.0,43050.0,43084.4,101.656
1704336720,43084.5,43100.0,43058.4,43072.7,240.975
1704336780,43072.8,43078.3,43008.9,43023.4,183.683
1704336840,43023.5,43069.7,43023.5,43067.8,119.477
1704336900,43067.7,43090.6,43060.4,43083.1,119.722
1704336960,43083.1,43114.2,43083.1,43106.1,126.108
1704337020,43106.1,43182.2,43106.0,43174.1,592.912
1704337080,43174.2,43236.0,43173.0,43182.5,978.747
1704337140,43182.5,43182.5,43147.6,43151.0,203.359
1704337200,43151.1,43190.0,43133.0,43133.0,249.12
1704337260,43133.0,43136.6,43113.9,43121.0,206.533
1704337320,43121.1,43132.6,43121.0,43127.8,73.743
1704337380,43127.8,43148.3,43097.0,43097.0,160.131
1704337440,43097.0,43128.0,43082.5,43124.6,167.383
1704337500,43124.0,43124.0,43107.2,43112.3,69.318
1704337560,43112.3,43113.4,43108.2,43112.1,38.484
1704337620,43112.2,43183.4,43112.1,43173.7,144.455
1704337680,43173.7,43200.0,43170.8,43191.5,189.848
1704337740,43191.5,43221.2,43188.2,43206.3,172.575
1704337800,43206.3,43220.0,43206.3,43220.0,117.864
1704337860,43219.9,43220.0,43185.0,43185.0,174.75
1704337920,43185.1,43200.0,43181.0,43189.4,71.544
1704337980,43189.4,43196.7,43155.8,43155.8,78.764
1704338040,43155.8,43182.0,43155.7,43164.3,106.072
1704338100,43164.3,43229.0,43154.3,43227.5,237.308
1704338160,43227.4,43227.6,43198.6,43199.9,196.703
1704338220,43199.8,43200.0,43162.2,43174.0,111.424
1704338280,43173.9,43175.0,43160.0,43172.3,56.161
1704338340,43172.3,43194.6,43164.0,43191.2,121.505
1704338400,43191.3,43196.4,43130.0,43130.0,162.005
1704338460,43129.9,43130.0,43088.0,43094.9,329.001
1704338520,43095.0,43120.0,43086.7,43111.7,148.711
1704338580,43111.6,43116.0,43092.2,43111.1,129.553
1704338640,43111.1,43115.2,43094.8,43099.9,117.075
1704338700,43099.9,43103.7,43053.6,43062.1,255.194
1704338760,43062.2,43086.1,43062.1,43064.4,89.807
1704338820,43064.5,43087.4,43056.4,43087.3,67.403
1704338880,43087.3,43087.3,43030.7,43035.2,147.988
1704338940,43035.2,43053.2,43035.2,43053.1,81.168
1704339000,43053.1,43081.5,43053.1,43071.1,63.791
1704339060,43071.0,43081.7,43040.7,43048.9,99.295
1704339120,43049.0,43066.2,43039.0,43065.5,104.153
1704339180,43065.4,43065.9,43020.0,43020.1,121.046
1704339240,43020.1,43032.6,43013.3,43031.2,97.849
1704339300,43031.2,43056.0,43031.1,43055.9,84.451
1704339360,43056.0,43075.2,43055.0,43062.2,91.081
1704339420,43062.2,43066.5,43041.8,43053.0,50.078
1704339480,43053.0,43063.2,43053.0,43056.9,28.206
1704339540,43056.8,43069.0,43044.0,43067.7,151.067
1704339600,43067.7,43069.0,43053.9,43054.0,45.701
1704339660,43054.0,43058.3,43040.4,43042.9,62.471
1704339720,43042.8,43050.2,43040.0,43040.0,25.374
1704339780,43040.1,43069.0,43040.0,43068.9,57.222
1704339840,43068.9,43069.0,43038.4,43042.0,60.484
1704339900,43041.9,43065.1,43039.6,43065.1,51.66
1704339960,43065.1,43065.1,43060.4,43060.5,40.126
1704340020,43060.5,43123.7,43060.4,43122.4,132.428
1704340080,43121.8,43162.1,43120.1,43132.5,307.589
1704340140,43132.6,43135.4,43102.1,43110.8,68.943
1704340200,43110.8,43122.3,43102.9,43122.3,70.736
1704340260,43122.2,43138.6,43117.1,43127.6,35.378
1704340320,43127.5,43132.5,43104.5,43126.3,87.728
1704340380,43126.1,43130.6,43118.9,43122.7,27.596
1704340440,43119.1,43119.2,43094.9,43096.3,100.916
1704340500,43096.3,43134.4,43096.3,43134.4,70.517
1704340560,43134.3,43137.7,43101.2,43101.2,89.53
1704340620,43101.2,43106.4,43088.0,43093.7,38.3
1704340680,43093.7,43100.0,43091.3,43097.1,42.938
1704340740,43097.1,43132.0,43097.0,43119.6,70.239
1704340800,43119.6,43130.7,43086.6,43097.0,173.67
1704340860,43097.1,43108.8,43023.5,43026.1,487.324
1704340920,43026.0,43044.4,42966.9,42975.5,496.727
1704340980,42975.5,43025.0,42973.2,43006.1,167.487
1704341040,43006.1,43006.1,42972.5,42990.0,89.235
1704341100,42990.1,43014.2,42977.1,43004.2,112.033
1704341160,43004.1,43004.2,42986.1,42990.0,50.296
1704341220,42989.9,43013.1,42989.9,43005.9,72.008
1704341280,43006.9,43058.4,43006.8,43058.3,131.656
1704341340,43058.4,43062.2,43047.0,43047.1,97.364
1704341400,43047.1,43068.2,43047.0,43054.9,80.098
1704341460,43054.8,43057.7,43035.0,43039.6,49.123
1704341520,43039.6,43039.6,42989.3,43020.7,251.978
1704341580,43020.6,43041.6,43014.7,43040.4,40.004
1704341640,43040.4,43055.2,43039.9,43040.0,52.425
1704341700,43040.0,43066.9,43035.0,43066.8,78.592
1704341760,43066.8,43077.0,43059.0,43059.0,53.764
1704341820,43059.0,43072.3,43051.5,43070.0,37.181
1704341880,43070.1,43088.2,43068.7,43088.1,40.213
1704341940,43088.2,43092.9,43076.6,43089.0,36.263
1704342000,43089.0,43094.7,43076.0,43076.0,38.736
1704342060,43076.0,43089.3,43060.0,43084.8,127.834
1704342120,43084.8,43093.5,43079.0,43093.5,37.124
1704342180,43093.4,43108.0,43090.1,43108.0,59.515
1704342240,43108.0,43126.2,43092.0,43125.0,187.791
1704342300,43125.1,43139.0,43118.6,43118.7,101.979
1704342360,43118.7,43148.9,43100.0,43148.9,74.836
1704342420,43147.5,43149.9,43130.3,43138.3,115.217
1704342480,43138.2,43146.8,43130.7,43146.4,95.056
1704342540,43146.5,43147.8,43135.1,43135.2,54.435
1704342600,43135.2,43159.1,43135.1,43156.7,86.236
1704342660,43156.6,43156.7,43100.8,43103.8,76.132
1704342720,43103.7,43118.0,43086.5,43092.7,104.576
1704342780,43092.7,43113.3,43078.9,43106.5,59.973
1704342840,43106.5,43115.0,43106.3,43110.6,27.186
1704342900,43110.7,43126.1,43097.3,43118.1,73.457
1704342960,43118.1,43132.8,43115.1,43121.4,40.349
1704343020,43121.5,43127.3,43114.1,43121.0,28.41
1704343080,43121.1,43122.0,43084.1,43092.8,47.496
1704343140,43092.7,43098.6,43079.1,43084.5,34.849
1704343200,43084.6,43102.0,43079.7,43101.9,43.911
1704343260,43102.0,43102.0,43090.6,43098.7,22.865
1704343320,43098.7,43113.4,43096.6,43113.3,19.656
1704343380,43113.3,43125.2,43113.3,43122.2,40.233
1704343440,43122.2,43122.3,43104.2,43104.9,52.971
1704343500,43104.9,43155.4,43104.9,43155.4,92.728
1704343560,43155.4,43184.9,43153.1,43184.9,129.674
1704343620,43184.9,43216.2,43170.7,43205.8,217.742
1704343680,43205.7,43205.8,43175.0,43175.1,92.378
1704343740,43175.0,43195.0,43175.0,43184.9,56.801
1704343800,43184.9,43198.4,43162.2,43162.2,98.407
1704343860,43162.2,43186.9,43162.2,43165.1,56.328
1704343920,43165.1,43165.1,43139.4,43156.4,60.993
1704343980,43156.4,43156.4,43123.1,43123.1,64.677
1704344040,43123.0,43124.5,43105.2,43116.5,74.01
1704344100,43116.6,43156.9,43116.5,43156.9,61.325
1704344160,43156.9,43163.2,43151.4,43155.6,29.21
1704344220,43155.7,43173.8,43155.7,43161.1,63.117
1704344280,43161.0,43161.1,43154.2,43154.3,19.876
1704344340,43154.2,43161.1,43150.1,43161.1,50.028
1704344400,43161.1,43182.6,43121.8,43125.2,122.461
1704344460,43125.2,43144.0,43122.5,43133.5,53.393
1704344520,43133.4,43133.5,43121.5,43121.5,21.259
1704344580,43121.3,43173.8,43105.9,43173.7,77.936
1704344640,43173.8,43181.1,43163.5,43163.5,53.894
1704344700,43163.6,43186.5,43163.5,43186.5,36.229
1704344760,43186.4,43208.3,43169.9,43180.2,154.605
1704344820,43180.2,43180.7,43150.8,43150.8,130.665
1704344880,43150.8,43166.0,43146.7,43162.7,52.769
1704344940,43162.7,43162.7,43153.2,43153.2,22.26
1704345000,43153.2,43159.9,43147.2,43153.3,31.057
1704345060,43153.3,43164.6,43143.6,43147.0,41.27
1704345120,43147.5,43170.9,43147.5,43170.8,47.145
1704345180,43170.8,43186.8,43170.7,43183.9,35.315
1704345240,43183.9,43187.1,43173.2,43173.2,39.413
1704345300,43173.2,43218.0,43173.2,43216.4,109.589
1704345360,43216.4,43216.4,43166.5,43183.6,105.96
1704345420,43183.5,43203.0,43180.0,43186.0,67.666
1704345480,43185.9,43209.4,43185.9,43199.8,56.606
1704345540,43199.8,43199.9,43164.5,43164.5,40.174
1704345600,43164.6,43164.6,43121.3,43121.3,107.313
1704345660,43121.4,43146.3,43119.9,43140.5,69.291
1704345720,43140.6,43145.9,43115.9,43123.9,54.941
1704345780,43123.9,43129.9,43092.0,43101.5,158.353
1704345840,43101.9,43104.8,43083.9,43104.8,80.034
1704345900,43104.8,43114.7,43093.6,43100.9,79.524
1704345960,43101.4,43110.7,43101.2,43104.0,25.911
1704346020,43103.9,43115.8,43085.5,43097.8,51.204
1704346080,43097.7,43106.9,43090.2,43094.9,49.766
1704346140,43094.9,43101.1,43094.9,43095.8,25.281
1704346200,43095.7,43116.5,43095.7,43116.5,34.372
1704346260,43116.5,43124.1,43081.6,43086.8,104.298
1704346320,43086.7,43130.0,43086.7,43130.0,59.293
1704346380,43129.9,43135.0,43118.6,43127.8,48.226
1704346440,43127.9,43135.8,43126.6,43129.6,36.685
1704346500,43129.7,43163.4,43128.6,43152.0,82.469
1704346560,43152.0,43209.3,43148.1,43209.3,98.485
1704346620,43209.2,43251.5,43203.4,43239.3,420.679
1704346680,43239.4,43240.0,43220.0,43229.1,123.541
1704346740,43229.1,43275.0,43224.8,43266.8,347.467
1704346800,43266.8,43290.0,43226.2,43231.9,304.093
1704346860,43231.9,43259.6,43231.9,43243.2,90.052
1704346920,43243.3,43251.7,43206.5,43206.5,164.335
1704346980,43206.5,43249.6,43200.0,43238.8,144.901
1704347040,43238.7,43249.6,43232.3,43241.0,71.544
1704347100,43240.9,43250.0,43225.1,43239.9,50.784
1704347160,43240.0,43240.0,43235.0,43235.0,28.121
1704347220,43235.0,43235.1,43203.0,43228.7,79.454
1704347280,43228.7,43232.7,43195.6,43209.6,60.823
1704347340,43209.6,43209.6,43157.0,43157.0,99.692
1704347400,43157.0,43170.9,43132.6,43163.0,134.462
1704347460,43163.1,43167.2,43140.0,43144.2,52.424
1704347520,43144.1,43156.4,43144.1,43154.2,103.743
1704347580,43154.3,43156.2,43139.6,43142.3,64.927
1704347640,43142.4,43155.3,43137.7,43146.0,43.76
1704347700,43145.9,43190.2,43145.9,43189.1,103.013
1704347760,43189.0,43205.9,43187.5,43197.2,40.659
1704347820,43197.3,43197.3,43170.9,43173.2,46.908
1704347880,43173.3,43185.8,43171.6,43185.8,35.282
1704347940,43185.7,43194.3,43185.7,43191.3,36.736
1704348000,43191.3,43210.0,43179.5,43194.3,78.424
1704348060,43194.2,43221.7,43164.8,43204.9,160.515
1704348120,43205.0,43208.0,43180.3,43208.0,105.68
1704348180,43208.0,43224.0,43204.3,43222.4,56.04
1704348240,43222.5,43235.0,43222.4,43231.5,104.439
1704348300,43231.4,43238.9,43203.3,43208.6,88.939
1704348360,43208.6,43232.7,43207.3,43229.5,42.702
1704348420,43229.4,43237.0,43212.7,43216.1,71.136
1704348480,43216.1,43216.2,43181.2,43186.2,89.523
1704348540,43186.3,43194.9,43177.6,43181.3,62.11
1704348600,43181.4,43187.1,43165.0,43187.1,98.363
1704348660,43187.0,43213.4,43184.1,43213.3,57.149
1704348720,43213.4,43214.4,43177.0,43177.0,86.024
1704348780,43177.1,43177.1,43129.8,43133.9,152.947
1704348840,43133.9,43136.8,43106.4,43118.5,244.662
1704348900,43118.5,43144.6,43118.4,43142.7,60.479
1704348960,43142.7,43163.4,43142.7,43162.7,57.365
1704349020,43162.6,43168.5,43160.2,43168.5,34.747
1704349080,43168.5,43170.0,43137.3,43139.0,52.193
1704349140,43139.0,43154.0,43127.4,43132.1,63.194
1704349200,43132.2,43140.0,43118.4,43118.4,85.816
1704349260,43118.4,43120.0,43088.0,43092.7,99.779
1704349320,43092.7,43120.3,43092.7,43110.9,88.79
1704349380,43111.0,43126.5,43098.8,43126.5,57.553
1704349440,43126.5,43130.0,43110.0,43110.1,50.38
1704349500,43110.1,43130.0,43106.1,43118.0,79.841
1704349560,43118.0,43154.0,43112.6,43122.2,202.679
1704349620,43122.2,43133.0,43122.1,43126.0,36.944
1704349680,43126.0,43133.0,43117.7,43131.6,45.999
1704349740,43131.5,43137.9,43098.4,43137.9,134.969
1704349800,43137.8,43157.2,43137.8,43154.1,88.659
1704349860,43154.0,43154.1,43110.0,43128.9,90.513
1704349920,43128.9,43146.0,43128.8,43145.8,25.732
1704349980,43145.8,43153.0,43143.2,43153.0,56.474
1704350040,43153.0,43175.9,43152.9,43175.9,53.971
1704350100,43175.8,43175.9,43140.0,43168.5,221.12
1704350160,43168.5,43188.5,43168.4,43175.8,128.085
1704350220,43175.8,43210.0,43175.8,43198.1,145.368
1704350280,43198.2,43220.0,43198.1,43219.8,113.811
1704350340,43219.8,43222.0,43202.1,43207.8,75.51
1704350400,43207.8,43207.8,43182.7,43196.9,73.611
1704350460,43196.9,43199.8,43169.0,43172.0,33.269
1704350520,43172.0,43186.3,43167.4,43186.3,68.429
1704350580,43186.3,43206.7,43186.2,43200.2,34.035
1704350640,43200.2,43210.2,43200.1,43207.5,42.818
1704350700,43207.6,43219.5,43200.8,43204.0,76.23
1704350760,43203.9,43212.0,43202.8,43203.4,34.398
1704350820,43203.4,43206.0,43184.8,43190.5,52.643
1704350880,43191.2,43197.2,43171.2,43173.7,54.188
1704350940,43173.8,43173.8,43150.0,43155.8,126.727
1704351000,43155.8,43167.3,43138.4,43138.4,58.27
1704351060,43138.5,43154.3,43138.3,43139.6,43.997
1704351120,43139.6,43152.7,43139.5,43145.8,27.378
1704351180,43145.9,43154.5,43143.1,43144.3,52.501
1704351240,43144.3,43162.5,43144.2,43150.0,44.633
1704351300,43150.1,43160.2,43144.5,43153.6,34.988
1704351360,43153.6,43165.4,43142.7,43147.0,37.065
1704351420,43147.1,43160.2,43139.2,43158.7,48.645
1704351480,43158.7,43165.7,43150.3,43162.7,36.586
1704351540,43162.7,43163.8,43152.4,43163.7,36.816
1704351600,43163.8,43187.1,43153.4,43187.1,66.573
1704351660,43187.0,43190.0,43159.2,43180.4,102.45
1704351720,43180.4,43180.4,43159.6,43160.0,41.228
1704351780,43160.0,43200.0,43158.6,43199.9,113.094
1704351840,43199.9,43264.7,43199.9,43250.0,480.457
1704351900,43250.1,43257.1,43231.5,43234.4,116.599
1704351960,43234.4,43268.0,43213.8,43263.4,155.907
1704352020,43262.6,43262.6,43000.0,43172.0,2278.394
1704352080,43172.1,43197.4,43150.0,43150.0,253.878
1704352140,43150.0,43155.9,43108.9,43140.0,229.397
1704352200,43140.0,43197.6,43139.9,43168.4,160.856
1704352260,43168.4,43180.0,43158.6,43173.0,71.428
1704352320,43173.0,43173.0,43124.0,43127.0,380.486
1704352380,43127.1,43127.1,43036.5,43108.3,950.482
1704352440,43108.4,43113.3,43092.7,43100.5,89.196
1704352500,43099.4,43119.1,43066.0,43083.4,315.837
1704352560,43083.5,43083.5,43056.8,43071.1,158.102
1704352620,43071.1,43083.1,43062.1,43067.7,136.926
1704352680,43067.8,43067.8,43023.5,43039.1,254.101
1704352740,43039.2,43047.1,42960.0,42974.9,701.869
1704352800,42974.9,43025.0,42974.7,42986.6,403.883
1704352860,42986.6,43025.0,42983.6,42987.0,207.964
1704352920,42987.1,43034.0,42987.0,43030.3,250.804
1704352980,43030.3,43083.5,43025.8,43028.4,181.07
1704353040,43028.4,43073.4,43028.3,43052.9,138.643
1704353100,43052.9,43057.6,43028.0,43051.9,145.626
1704353160,43051.9,43057.2,43046.9,43047.1,60.348
1704353220,43047.2,43062.9,43047.1,43054.0,31.985
1704353280,43054.1,43076.0,43054.0,43070.0,61.395
1704353340,43070.0,43074.2,43060.1,43063.5,54.751
1704353400,43063.6,43102.7,43054.9,43082.0,192.866
1704353460,43082.0,43103.7,43082.0,43100.0,68.485
1704353520,43100.0,43169.8,43099.9,43152.9,330.34
1704353580,43153.0,43181.9,43122.2,43143.0,421.246
1704353640,43143.6,43146.6,43118.9,43123.9,91.959
1704353700,43124.0,43147.1,43098.8,43098.8,129.436
1704353760,43098.8,43107.1,43085.0,43091.0,71.618
1704353820,43091.1,43091.1,43068.1,43091.1,72.933
1704353880,43091.2,43107.6,43083.4,43096.5,116.269
1704353940,43096.5,43104.1,43046.9,43051.7,157.88
1704354000,43051.8,43051.8,42990.0,43001.5,334.144
1704354060,43001.4,43001.4,42826.1,42849.6,1805.066
1704354120,42849.6,42939.0,42837.6,42906.9,704.979
1704354180,42906.8,43035.2,42906.8,43032.0,801.159
1704354240,43032.0,43032.1,42960.3,42995.3,358.901
1704354300,42995.2,43016.8,42975.7,42981.5,124.057
1704354360,42981.6,42990.0,42894.5,42898.0,346.513
1704354420,42898.0,42941.5,42882.4,42913.1,262.797
1704354480,42913.0,42922.6,42891.4,42892.4,152.738
1704354540,42892.4,42912.2,42848.1,42883.7,449.986
1704354600,42883.7,42895.0,42871.3,42884.5,221.085
1704354660,42884.5,42884.5,42841.0,42841.0,221.251
1704354720,42841.1,42910.1,42841.0,42899.5,259.504
1704354780,42899.5,42921.5,42879.0,42879.1,139.01
1704354840,42879.1,42907.3,42842.1,42851.7,374.465
1704354900,42851.6,42893.5,42780.0,42802.9,707.216
1704354960,42802.9,42844.5,42769.1,42786.7,801.851
1704355020,42786.8,42832.7,42781.5,42821.6,202.135
1704355080,42821.7,42832.6,42809.1,42810.1,138.293
1704355140,42810.1,42813.0,42765.0,42775.0,252.157
1704355200,42775.1,42862.3,42771.6,42860.1,362.351
1704355260,42860.1,42898.0,42853.7,42875.1,399.91
1704355320,42875.1,42903.8,42864.1,42903.8,188.371
1704355380,42903.8,42908.5,42874.5,42888.0,151.659
1704355440,42888.0,42923.0,42872.6,42879.2,172.774
1704355500,42879.3,42895.4,42864.0,42869.5,116.555
1704355560,42869.5,42891.1,42869.4,42890.3,109.427
1704355620,42890.3,42900.0,42859.8,42864.2,112.901
1704355680,42864.3,42890.0,42840.3,42840.4,100.017
1704355740,42840.4,42841.8,42800.0,42802.8,275.549
1704355800,42802.9,42872.0,42800.0,42872.0,166.044
1704355860,42872.1,42876.8,42836.0,42876.8,178.867
1704355920,42876.8,42882.8,42864.0,42875.4,96.489
1704355980,42875.4,42897.0,42870.0,42892.1,105.788
1704356040,42892.1,42892.1,42858.6,42870.4,121.792
1704356100,42870.4,42876.0,42827.4,42827.4,168.686
1704356160,42827.4,42827.4,42785.0,42797.3,286.311
1704356220,42797.3,42804.1,42770.3,42793.2,213.84
1704356280,42793.2,42800.2,42732.2,42771.1,572.779
1704356340,42771.0,42795.8,42757.5,42793.3,231.035
1704356400,42793.4,42895.0,42772.9,42888.2,250.17
1704356460,42888.3,42915.1,42875.0,42911.1,237.785
1704356520,42911.1,42965.0,42900.0,42930.4,503.836
1704356580,42930.5,42938.5,42905.0,42905.8,183.947
1704356640,42905.9,42921.4,42895.0,42914.3,121.941
1704356700,42913.7,42949.1,42906.7,42922.8,143.124
1704356760,42922.7,42978.3,42922.7,42964.0,236.538
1704356820,42964.0,42966.8,42948.8,42956.6,77.129
1704356880,42956.6,42960.9,42935.7,42943.4,50.971
1704356940,42943.4,42951.1,42924.2,42948.1,62.191
1704357000,42948.1,42965.9,42927.7,42947.8,134.455
1704357060,42947.8,42955.9,42929.3,42934.1,81.179
1704357120,42934.1,42946.6,42901.1,42902.7,76.398
1704357180,42902.8,42927.7,42897.7,42902.1,82.701
1704357240,42902.1,42906.5,42858.2,42858.2,232.107
1704357300,42858.3,42866.1,42837.7,42849.8,180.564
1704357360,42849.8,42861.5,42825.0,42837.7,114.209
1704357420,42837.7,42845.6,42790.0,42795.6,218.933
1704357480,42795.5,42838.4,42795.5,42805.8,212.267
1704357540,42805.7,42824.2,42793.6,42796.9,139.835
1704357600,42796.9,42814.3,42790.0,42802.1,144.286
1704357660,42802.2,42839.8,42802.1,42832.2,119.429
1704357720,42832.2,42832.2,42790.2,42819.2,141.902
1704357780,42819.0,42819.0,42803.0,42810.0,81.091
1704357840,42810.0,42827.3,42801.5,42801.6,88.874
1704357900,42801.6,42823.2,42800.1,42801.6,119.477
1704357960,42801.6,42806.3,42792.6,42801.9,133.933
1704358020,42802.5,42870.0,42802.5,42870.0,168.633
1704358080,42870.0,42870.0,42813.3,42827.4,144.73
1704358140,42827.4,42828.5,42817.5,42820.3,60.784
1704358200,42820.3,42856.4,42820.3,42839.5,94.908
1704358260,42839.5,42878.6,42831.7,42878.6,110.632
1704358320,42878.6,42895.9,42878.5,42895.8,85.268
1704358380,42895.9,42898.0,42864.4,42870.8,121.125
1704358440,42870.7,42883.2,42865.9,42866.0,67.857
1704358500,42866.0,42892.5,42865.9,42888.4,98.295
1704358560,42889.6,42889.6,42866.7,42878.8,69.595
1704358620,42878.8,42878.8,42850.0,42861.9,84.241
1704358680,42861.9,42861.9,42846.4,42851.1,44.387
1704358740,42851.9,42863.2,42851.8,42858.7,48.572
1704358800,42858.7,42892.4,42858.6,42892.4,72.542
1704358860,42892.4,42914.7,42891.0,42908.7,90.355
