time,open,high,low,close,volume
1704171720,16847.2,16855.68,16847.2,16854.66,49
1704171780,16854.66,16854.92,16853.68,16854.18,86
1704171840,16854.18,16855.05,16853.42,16854.91,146
1704171900,16854.91,16855.31,16854.18,16854.18,101
1704171960,16854.18,16854.3,16853.42,16853.93,49
1704172020,16853.93,16854.05,16852.16,16852.54,77
1704172080,16852.54,16853.92,16851.67,16852.91,111
1704172140,16852.91,16854.43,16852.67,16854.17,110
1704172200,16854.17,16856.18,16853.8,16855.42,145
1704172260,16855.42,16857.91,16855.42,16857.55,122
1704172320,16857.55,16859.06,16856.79,16858.16,239
1704172380,16858.16,16859.54,16858.16,16859.43,149
1704172440,16859.43,16861.18,16858.66,16861.18,114
1704172500,16861.18,16861.18,16860.06,16860.66,98
1704172560,16860.66,16861.18,16860.17,16860.29,83
1704172620,16860.29,16860.54,16858.79,16859.17,48
1704172680,16859.17,16860.31,16859.04,16860.16,96
1704172740,16860.16,16861.67,16859.16,16859.91,123
1704172800,16859.91,16860.68,16859.3,16859.3,159
1704172860,16859.3,16859.68,16857.55,16858.66,108
1704172920,16858.66,16859.18,16858.66,16859.05,152
1704172980,16859.05,16859.93,16858.79,16859.93,68
1704173040,16859.93,16861.17,16859.55,16859.67,82
1704173100,16859.67,16862.31,16859.43,16862.3,120
1704173160,16862.3,16863.16,16861.41,16862.54,147
1704173220,16862.54,16863.56,16862.3,16863.17,71
1704173280,16863.17,16863.66,16862.91,16863.16,79
1704173340,16863.16,16863.81,16861.06,16861.66,124
1704173400,16861.66,16862.3,16860.54,16861.81,125
1704173460,16861.81,16862.31,16861.66,16861.66,90
1704173520,16861.66,16862.68,16861.66,16862.68,85
1704173580,16862.68,16862.68,16860.93,16861.92,163
1704173640,16861.92,16863.43,16861.66,16862.42,140
1704173700,16862.42,16863.56,16861.16,16861.3,122
1704173760,16861.3,16861.68,16860.66,16861.66,96
1704173820,16861.66,16861.68,16860.55,16861.43,99
1704173880,16861.43,16862.68,16861.3,16862.31,84
1704173940,16862.31,16862.93,16861.42,16861.66,92
1704174000,16861.66,16862.05,16861.41,16861.91,84
1704174060,16861.91,16862.8,16861.56,16862.43,52
1704174120,16862.43,16863.18,16862.16,16863.04,118
1704174180,16863.04,16863.56,16862.43,16863.41,51
1704174240,16863.41,16863.67,16863.04,16863.3,38
1704174300,16863.3,16863.3,16861.79,16862.67,84
1704174360,16862.67,16863.04,16862.17,16862.42,91
1704174420,16862.42,16862.67,16862.05,16862.17,64
1704174480,16862.17,16862.43,16862.04,16862.16,36
1704174540,16862.16,16862.29,16861.05,16861.16,65
1704174600,16861.16,16863.04,16861.16,16862.79,54
1704174660,16862.79,16863.18,16862.29,16862.54,37
1704174720,16862.54,16864.06,16862.3,16862.66,71
1704174780,16862.66,16863.66,16862.29,16862.93,60
1704174840,16862.93,16863.18,16862.79,16862.79,113
1704174900,16862.79,16863.67,16861.91,16863.31,125
1704174960,16863.31,16864.05,16863.16,16863.43,148
1704175020,16863.43,16863.43,16862.16,16862.41,84
1704175080,16862.41,16863.29,16862.41,16862.68,39
1704175140,16862.68,16863.56,16862.54,16862.66,91
1704175200,16862.66,16863.68,16862.42,16863.56,100
1704175260,16863.56,16864.42,16862.04,16862.17,84
1704175320,16862.17,16862.55,16861.55,16861.92,83
1704175380,16861.92,16861.92,16861.16,16861.42,84
1704175440,16861.42,16862.18,16860.8,16861.93,97
1704175500,16861.93,16862.79,16860.54,16860.67,123
1704175560,16860.67,16860.93,16858.18,16858.41,77
1704175620,16858.41,16858.66,16857.17,16857.43,106
1704175680,16857.43,16858.18,16857.04,16858.16,66
1704175740,16858.16,16859.16,16858.05,16858.06,42
1704175800,16858.06,16858.66,16857.79,16857.92,109
1704175860,16857.92,16858.42,16856.04,16856.18,140
1704175920,16856.18,16856.56,16855.04,16855.41,97
1704175980,16855.41,16856.31,16855.3,16856.04,75
1704176040,16856.04,16856.31,16855.54,16855.66,35
1704176100,16855.66,16856.43,16855.29,16856.16,82
1704176160,16856.16,16856.43,16855.05,16855.67,63
1704176220,16855.67,16855.67,16855.16,16855.41,37
1704176280,16855.41,16856.16,16854.91,16854.91,49
1704176340,16854.91,16855.67,16854.67,16855.18,41
1704176400,16855.18,16855.81,16854.91,16855.43,116
1704176460,16855.43,16856.43,16855.41,16855.92,119
1704176520,16855.92,16856.66,16855.18,16856.29,110
1704176580,16856.29,16856.43,16855.3,16855.66,68
1704176640,16855.66,16856.67,16855.3,16856.41,69
1704176700,16856.41,16857.18,16856.17,16856.92,58
1704176760,16856.92,16857.68,16856.41,16856.67,57
1704176820,16856.67,16856.92,16855.92,16856.18,43
1704176880,16856.18,16856.31,16855.66,16856.18,129
1704176940,16856.18,16856.93,16856.05,16856.8,44
1704177000,16856.8,16857.8,16856.43,16857.3,135
1704177060,16857.3,16857.55,16856.67,16856.91,75
1704177120,16856.91,16856.92,16855.8,16856.56,77
1704177180,16856.56,16857.18,16856.43,16857.05,86
1704177240,16857.05,16857.05,16853.91,16854.41,209
1704177300,16854.41,16855.8,16854.29,16855.68,126
1704177360,16855.68,16856.17,16854.79,16854.92,56
1704177420,16854.92,16855.06,16853.91,16854.42,99
1704177480,16854.42,16854.42,16852.55,16852.93,61
1704177540,16852.93,16853.43,16852.41,16853.16,141
1704177600,16853.16,16853.93,16852.41,16852.55,74
1704177660,16852.55,16855.06,16852.29,16854.79,113
1704177720,16854.79,16855.92,16854.66,16855.42,70
1704177780,16855.42,16855.81,16855.05,16855.18,97
1704177840,16855.18,16855.68,16855.04,16855.68,37
1704177900,16855.68,16857.8,16855.66,16857.66,68
1704177960,16857.66,16858.93,16855.42,16855.68,144
1704178020,16855.68,16856.41,16854.54,16855.06,95
1704178080,16855.06,16855.31,16854.17,16854.42,60
1704178140,16854.42,16856.31,16854.42,16856.18,93
1704178200,16856.18,16856.66,16855.17,16855.66,74
1704178260,16855.66,16856.06,16854.56,16855.06,101
1704178320,16855.06,16855.18,16853.91,16854.06,116
1704178380,16854.06,16854.43,16852.91,16853.18,95
1704178440,16853.18,16853.68,16852.67,16853.04,146
1704178500,16853.04,16853.55,16852.54,16852.68,148
1704178560,16852.68,16853.68,16851.55,16852.05,125
1704178620,16852.05,16852.41,16848.93,16848.93,171
1704178680,16848.93,16849.43,16847.81,16848.93,155
1704178740,16848.93,16849.56,16848.66,16849.3,101
1704178800,16849.3,16853.67,16849.16,16852.55,284
1704178860,16852.55,16854.43,16851.8,16854.16,195
1704178920,16854.16,16854.31,16851.54,16852.16,152
1704178980,16852.16,16852.17,16849.16,16850.43,181
1704179040,16850.43,16850.43,16849.04,16849.66,173
1704179100,16849.66,16851.81,16849.43,16850.68,174
1704179160,16850.68,16851.43,16850.16,16850.92,155
1704179220,16850.92,16851.17,16849.66,16850.42,124
1704179280,16850.42,16853.18,16850.42,16852.92,113
1704179340,16852.92,16854.54,16852.42,16854.41,124
1704179400,16854.41,16856.29,16854.05,16856.05,135
1704179460,16856.05,16859.56,16855.92,16859.43,145
1704179520,16859.43,16863.68,16859.16,16862.91,232
1704179580,16862.91,16863.56,16862.31,16862.79,137
1704179640,16862.79,16864.29,16862.16,16862.42,144
1704179700,16862.42,16864.06,16862.29,16863.67,148
1704179760,16863.67,16863.67,16861.3,16863.16,121
1704179820,16863.16,16865.8,16862.91,16865.41,172
1704179880,16865.41,16867.16,16864.91,16866.41,139
1704179940,16866.41,16867.3,16865.05,16865.3,142
1704180000,16865.3,16866.3,16865.17,16866.16,116
1704180060,16866.16,16867.29,16864.67,16865.05,121
1704180120,16865.05,16865.29,16863.92,16864.66,160
1704180180,16864.66,16866.93,16863.91,16866.8,275
1704180240,16866.8,16867.67,16866.05,16867.18,198
1704180300,16867.18,16867.8,16866.68,16866.92,75
1704180360,16866.92,16868.04,16866.66,16867.67,132
1704180420,16867.67,16867.68,16865.29,16865.55,92
1704180480,16865.55,16865.8,16863.66,16865.43,145
1704180540,16865.43,16865.81,16863.56,16864.79,130
1704180600,16864.79,16865.68,16863.66,16864.41,147
1704180660,16864.41,16864.41,16863.04,16863.17,84
1704180720,16863.17,16865.05,16862.56,16863.93,136
1704180780,16863.93,16865.42,16863.55,16865.16,151
1704180840,16865.16,16865.16,16863.92,16864.68,87
1704180900,16864.68,16864.93,16863.54,16863.66,80
1704180960,16863.66,16864.43,16862.91,16863.16,137
1704181020,16863.16,16865.31,16863.05,16865.18,92
1704181080,16865.18,16865.56,16863.18,16863.68,134
1704181140,16863.68,16864.43,16863.54,16863.92,114
1704181200,16863.92,16864.66,16863.06,16863.68,90
1704181260,16863.68,16863.68,16861.67,16861.81,143
1704181320,16861.81,16862.18,16859.8,16860.31,158
1704181380,16860.31,16860.93,16858.54,16859.93,184
1704181440,16859.93,16860.16,16858.81,16859.43,166
1704181500,16859.43,16859.81,16856.79,16857.67,196
1704181560,16857.67,16859.68,16857.54,16858.67,181
1704181620,16858.67,16861.18,16857.91,16860.8,140
1704181680,16860.8,16862.41,16860.56,16862.18,155
1704181740,16862.18,16862.56,16860.06,16860.66,122
1704181800,16860.66,16863.41,16860.66,16862.41,204
1704181860,16862.41,16863.18,16861.91,16862.41,130
1704181920,16862.41,16862.54,16860.16,16861.43,90
1704181980,16861.43,16861.81,16860.29,16860.42,81
1704182040,16860.42,16860.68,16858.29,16859.67,142
1704182100,16859.67,16864.17,16859.56,16863.18,229
1704182160,16863.18,16863.56,16862.04,16863.56,114
1704182220,16863.56,16864.17,16862.42,16863.66,209
1704182280,16863.66,16863.93,16862.79,16863.43,172
1704182340,16863.43,16863.68,16861.54,16861.93,311
1704182400,16861.93,16867.8,16860.93,16867.18,874
1704182460,16867.18,16871.31,16866.16,16871.16,556
1704182520,16871.16,16872.31,16870.05,16870.68,478
1704182580,16870.68,16873.29,16869.91,16873.06,427
1704182640,16873.06,16874.18,16872.41,16873.29,523
1704182700,16873.29,16876.31,16872.04,16875.91,280
1704182760,16875.91,16876.43,16870.67,16870.81,389
1704182820,16870.81,16870.93,16867.8,16869.41,417
1704182880,16869.41,16870.68,16867.66,16868.55,430
1704182940,16868.55,16871.18,16868.16,16869.67,272
1704183000,16869.67,16869.67,16867.68,16868.93,395
1704183060,16868.93,16871.18,16868.42,16869.41,327
1704183120,16869.41,16871.68,16869.17,16871.66,214
1704183180,16871.66,16871.68,16869.04,16870.29,377
1704183240,16870.29,16872.06,16868.66,16870.81,408
1704183300,16870.81,16870.81,16868.05,16869.42,347
1704183360,16869.42,16872.18,16867.42,16871.17,369
1704183420,16871.17,16872.67,16869.92,16870.56,335
1704183480,16870.56,16874.04,16869.79,16873.66,435
1704183540,16873.66,16874.05,16871.79,16873.42,354
1704183600,16873.42,16873.42,16869.3,16871.8,275
1704183660,16871.8,16875.18,16871.54,16874.91,335
1704183720,16874.91,16875.8,16873.67,16874.8,309
1704183780,16874.8,16875.68,16873.56,16874.91,343
1704183840,16874.91,16877.68,16874.18,16876.05,385
1704183900,16876.05,16878.18,16875.91,16877.54,369
1704183960,16877.54,16878.16,16876.16,16876.66,296
1704184020,16876.66,16877.3,16874.41,16877.06,184
1704184080,16877.06,16879.31,16876.17,16878.42,291
1704184140,16878.42,16878.93,16874.79,16877.92,369
1704184200,16877.92,16879.56,16877.29,16878.92,277
1704184260,16878.92,16880.81,16878.56,16880.68,361
1704184320,16880.68,16881.43,16879.3,16880.56,271
1704184380,16880.56,16880.93,16879.55,16879.67,261
1704184440,16879.67,16880.93,16879.04,16880.79,343
1704184500,16880.79,16880.93,16880.16,16880.66,255
1704184560,16880.66,16880.81,16879.05,16880.66,342
1704184620,16880.66,16880.93,16878.06,16879.43,364
1704184680,16879.43,16879.79,16878.3,16879.55,262
1704184740,16879.55,16879.68,16876.66,16879.06,261
1704184800,16879.06,16879.68,16877.8,16878.54,254
1704184860,16878.54,16879.42,16877.41,16877.66,239
1704184920,16877.66,16879.18,16876.54,16879.16,241
1704184980,16879.16,16879.16,16877.16,16878.54,300
1704185040,16878.54,16878.68,16876.79,16877.43,238
1704185100,16877.43,16877.43,16874.29,16874.93,374
1704185160,16874.93,16875.42,16873.29,16874.93,387
1704185220,16874.93,16876.06,16872.93,16873.42,289
1704185280,16873.42,16875.31,16872.8,16874.18,293
1704185340,16874.18,16874.43,16872.92,16873.17,220
1704185400,16873.17,16874.68,16872.16,16872.67,308
1704185460,16872.67,16875.05,16872.55,16873.68,303
1704185520,16873.68,16874.93,16873.66,16873.91,246
1704185580,16873.91,16874.55,16872.04,16872.67,201
1704185640,16872.67,16874.68,16872.66,16873.92,244
1704185700,16873.92,16874.18,16872.54,16873.91,284
1704185760,16873.91,16875.17,16873.04,16873.67,280
1704185820,16873.67,16873.67,16870.54,16871.18,221
1704185880,16871.18,16872.55,16870.41,16871.68,292
1704185940,16871.68,16872.55,16871.16,16871.92,221
1704186000,16871.92,16873.3,16869.66,16871.66,384
1704186060,16871.66,16871.81,16868.16,16868.43,329
1704186120,16868.43,16868.68,16866.79,16867.04,286
1704186180,16867.04,16867.55,16864.8,16865.06,307
1704186240,16865.06,16865.31,16860.41,16860.41,296
1704186300,16860.41,16861.67,16858.79,16859.18,264
1704186360,16859.18,16860.17,16854.05,16856.43,405
1704186420,16856.43,16857.42,16854.91,16856.42,281
1704186480,16856.42,16856.68,16853.29,16854.43,289
1704186540,16854.43,16858.93,16854.43,16856.41,320
1704186600,16856.41,16856.68,16851.29,16851.41,338
1704186660,16851.41,16851.42,16846.43,16846.67,406
1704186720,16846.67,16849.29,16846.54,16846.66,309
1704186780,16846.66,16848.43,16846.29,16847.93,277
1704186840,16847.93,16848.68,16847.3,16848.3,206
1704186900,16848.3,16848.67,16844.31,16845.67,298
1704186960,16845.67,16845.93,16843.66,16845.29,289
1704187020,16845.29,16847.42,16843.17,16847.3,325
1704187080,16847.3,16847.68,16845.04,16846.43,246
1704187140,16846.43,16847.81,16845.54,16845.92,166
1704187200,16845.92,16847.31,16843.18,16846.43,323
1704187260,16846.43,16846.92,16845.29,16845.8,124
1704187320,16845.8,16848.8,16845.79,16847.91,154
1704187380,16847.91,16850.06,16846.56,16847.18,208
1704187440,16847.18,16847.43,16845.05,16845.42,287
1704187500,16845.42,16846.3,16843.91,16845.68,274
1704187560,16845.68,16847.68,16844.56,16846.8,258
1704187620,16846.8,16849.68,16846.06,16849.66,199
1704187680,16849.66,16850.17,16847.66,16850.17,242
1704187740,16850.17,16850.31,16849.29,16850.17,130
1704187800,16850.17,16850.29,16848.42,16848.43,216
1704187860,16848.43,16850.31,16847.66,16847.81,205
1704187920,16847.81,16848.43,16846.67,16848.17,201
1704187980,16848.17,16849.55,16847.41,16848.18,145
1704188040,16848.18,16849.06,16847.41,16848.41,189
1704188100,16848.41,16848.41,16845.16,16845.92,252
1704188160,16845.92,16847.17,16844.55,16847.17,297
1704188220,16847.17,16847.18,16841.41,16841.55,278
1704188280,16841.55,16845.16,16841.18,16842.81,242
1704188340,16842.81,16843.05,16839.41,16839.41,298
1704188400,16839.41,16840.17,16835.43,16836.8,275
1704188460,16836.8,16840.06,16836.06,16839.05,266
1704188520,16839.05,16842.17,16838.66,16840.17,258
1704188580,16840.17,16840.17,16836.3,16839.41,301
1704188640,16839.41,16842.18,16839.41,16841.43,183
1704188700,16841.43,16842.31,16839.8,16839.91,233
1704188760,16839.91,16842.81,16839.91,16841.92,282
1704188820,16841.92,16844.06,16841.29,16843.18,304
1704188880,16843.18,16844.56,16842.91,16843.56,210
1704188940,16843.56,16843.56,16840.54,16840.92,202
1704189000,16840.92,16841.68,16838.17,16838.93,169
1704189060,16838.93,16840.3,16836.06,16836.41,236
1704189120,16836.41,16838.29,16832.8,16837.41,329
1704189180,16837.41,16837.92,16835.67,16836.05,218
1704189240,16836.05,16837.8,16834.91,16835.91,247
1704189300,16835.91,16839.18,16834.16,16839.16,313
1704189360,16839.16,16840.93,16839.16,16840.06,225
1704189420,16840.06,16841.56,16838.92,16840.68,191
1704189480,16840.68,16841.17,16838.79,16839.17,143
1704189540,16839.17,16840.18,16837.67,16839.66,146
1704189600,16839.66,16840.8,16837.16,16839.04,298
1704189660,16839.04,16839.3,16837.66,16838.16,165
1704189720,16838.16,16840.31,16837.05,16840.05,200
1704189780,16840.05,16841.91,16839.54,16840.67,209
1704189840,16840.67,16840.67,16837.91,16839.42,206
1704189900,16839.42,16841.79,16838.17,16841.55,208
1704189960,16841.55,16841.56,16839.93,16841.17,159
1704190020,16841.17,16841.31,16838.16,16838.79,179
1704190080,16838.79,16839.16,16835.42,16837.04,243
1704190140,16837.04,16837.56,16835.41,16835.93,242
1704190200,16835.93,16838.81,16835.93,16838.16,277
1704190260,16838.16,16838.31,16835.16,16835.41,232
1704190320,16835.41,16835.41,16830.05,16830.68,262
1704190380,16830.68,16834.79,16830.31,16830.43,301
1704190440,16830.43,16831.81,16829.29,16831.42,228
1704190500,16831.42,16834.81,16831.3,16834.79,228
1704190560,16834.79,16837.79,16833.79,16836.93,242
1704190620,16836.93,16837.42,16834.16,16836.68,304
1704190680,16836.68,16836.93,16835.54,16836.42,125
1704190740,16836.42,16836.56,16833.3,16834.92,169
1704190800,16834.92,16837.42,16834.92,16837.42,180
1704190860,16837.42,16838.81,16836.79,16838.81,164
1704190920,16838.81,16839.56,16838.16,16839.43,147
1704190980,16839.43,16839.43,16836.41,16836.68,248
1704191040,16836.68,16836.93,16834.54,16834.66,178
1704191100,16834.66,16835.31,16833.04,16833.66,193
1704191160,16833.66,16834.68,16833.17,16833.67,214
1704191220,16833.67,16834.18,16832.54,16832.81,209
1704191280,16832.81,16832.81,16827.93,16828.67,251
1704191340,16828.67,16831.18,16827.16,16831.18,343
1704191400,16831.18,16833.04,16830.66,16832.66,282
1704191460,16832.66,16833.81,16831.68,16833.41,235
1704191520,16833.41,16834.18,16831.66,16832.17,268
1704191580,16832.17,16833.68,16831.91,16832.8,194
1704191640,16832.8,16833.43,16831.31,16831.41,161
1704191700,16831.41,16834.31,16831.41,16832.42,175
1704191760,16832.42,16834.18,16831.91,16832.18,244
1704191820,16832.18,16834.29,16831.91,16833.68,196
1704191880,16833.68,16834.56,16832.8,16833.3,171
1704191940,16833.3,16837.17,16833.04,16837.17,222
1704192000,16837.17,16841.68,16837.17,16841.16,267
1704192060,16841.16,16842.56,16839.41,16839.92,213
1704192120,16839.92,16841.04,16837.18,16837.79,227
1704192180,16837.79,16839.93,16837.79,16839.93,135
1704192240,16839.93,16840.68,16837.92,16839.41,209
1704192300,16839.41,16840.31,16836.55,16836.79,234
1704192360,16836.79,16837.41,16836.04,16836.67,255
1704192420,16836.67,16836.81,16833.8,16835.66,217
1704192480,16835.66,16837.05,16834.55,16834.92,309
1704192540,16834.92,16835.43,16832.91,16833.68,280
1704192600,16833.68,16834.68,16832.56,16832.66,260
1704192660,16832.66,16832.68,16826.16,16826.18,335
1704192720,16826.18,16827.92,16823.66,16826.42,288
1704192780,16826.42,16826.42,16823.67,16824.16,263
1704192840,16824.16,16826.41,16823.42,16824.91,195
1704192900,16824.91,16827.66,16824.91,16827.17,205
1704192960,16827.17,16828.06,16823.42,16823.93,200
1704193020,16823.93,16824.93,16818.56,16818.8,402
1704193080,16818.8,16820.18,16813.29,16813.79,587
1704193140,16813.79,16816.43,16813.79,16816.06,274
1704193200,16816.06,16816.06,16811.17,16812.18,250
1704193260,16812.18,16813.93,16811.3,16813.68,330
1704193320,16813.68,16815.05,16813.05,16813.54,235
1704193380,16813.54,16818.05,16813.54,16817.91,260
1704193440,16817.91,16817.91,16815.16,16816.81,174
1704193500,16816.81,16821.68,16814.91,16815.68,305
1704193560,16815.68,16815.68,16802.41,16804.55,605
1704193620,16804.55,16806.06,16797.11,16800.41,400
1704193680,16800.41,16800.42,16787.11,16792.05,596
1704193740,16792.05,16794.55,16791.66,16793.04,256
1704193800,16793.04,16796.04,16792.79,16795.55,386
1704193860,16795.55,16797.56,16794.8,16796.55,247
1704193920,16796.55,16797.18,16787.16,16787.66,400
1704193980,16787.66,16788.43,16781.31,16784.81,704
1704194040,16784.81,16787.55,16777.41,16777.42,655
1704194100,16777.42,16779.18,16763.88,16765.79,858
1704194160,16765.79,16772.05,16761.3,16762.06,612
1704194220,16762.06,16763.3,16747.66,16755.05,1181
1704194280,16755.05,16758.16,16742.91,16744.92,804
1704194340,16744.92,16747.42,16737.92,16746.81,857
1704194400,16746.81,16752.8,16745.29,16751.81,577
1704194460,16751.81,16755.04,16749.06,16749.68,462
1704194520,16749.68,16752.68,16744.56,16744.66,403
1704194580,16744.66,16751.06,16743.31,16743.67,443
1704194640,16743.67,16747.56,16738.05,16747.29,471
1704194700,16747.29,16748.42,16742.29,16747.68,454
1704194760,16747.68,16748.06,16739.04,16739.31,424
1704194820,16739.31,16741.42,16723.43,16724.42,675
1704194880,16724.42,16731.81,16724.42,16730.05,686
1704194940,16730.05,16732.06,16720.3,16722.41,577
1704195000,16722.41,16724.93,16718.66,16721.31,631
1704195060,16721.31,16726.68,16721.31,16722.8,490
1704195120,16722.8,16723.17,16716.04,16716.29,666
1704195180,16716.29,16724.54,16715.29,16720.79,510
1704195240,16720.79,16721.67,16711.43,16711.56,495
1704195300,16711.56,16711.92,16700.79,16701.3,702
1704195360,16701.3,16705.17,16692.8,16695.3,751
1704195420,16695.3,16695.3,16690.55,16691.18,744
1704195480,16691.18,16697.93,16691.06,16696.93,551
1704195540,16696.93,16705.68,16696.93,16704.3,511
1704195600,16704.3,16708.79,16699.55,16708.04,510
1704195660,16708.04,16709.42,16699.16,16702.16,492
1704195720,16702.16,16703.91,16699.16,16702.56,429
1704195780,16702.56,16702.81,16699.42,16702.05,420
1704195840,16702.05,16710.17,16701.91,16708.68,572
1704195900,16708.68,16711.56,16707.66,16708.66,509
1704195960,16708.66,16716.55,16706.68,16715.43,497
1704196020,16715.43,16716.81,16713.41,16714.66,670
1704196080,16714.66,16715.8,16713.04,16714.81,410
1704196140,16714.81,16716.29,16711.42,16712.18,488
1704196200,16712.18,16714.42,16708.42,16712.3,434
1704196260,16712.3,16717.93,16710.41,16710.41,583
1704196320,16710.41,16714.81,16709.54,16710.18,353
1704196380,16710.18,16715.17,16708.93,16712.42,432
1704196440,16712.42,16716.68,16712.29,16714.17,365
1704196500,16714.17,16718.43,16714.04,16718.17,397
1704196560,16718.17,16722.54,16716.79,16721.8,445
1704196620,16721.8,16723.16,16720.16,16720.66,302
1704196680,16720.66,16723.41,16719.54,16720.68,420
1704196740,16720.68,16721.18,16718.29,16719.92,364
1704196800,16719.92,16722.93,16718.43,16719.43,544
1704196860,16719.43,16721.43,16715.05,16715.66,526
1704196920,16715.66,16719.31,16715.29,16716.91,455
1704196980,16716.91,16718.55,16714.06,16714.91,427
1704197040,16714.91,16715.18,16711.92,16713.06,327
1704197100,16713.06,16715.17,16706.29,16707.41,432
1704197160,16707.41,16707.43,16692.56,16692.68,801
1704197220,16692.68,16702.04,16692.68,16699.91,486
1704197280,16699.91,16703.81,16699.43,16703.04,367
1704197340,16703.04,16710.3,16703.04,16710.16,380
1704197400,16710.16,16712.05,16708.3,16711.66,389
1704197460,16711.66,16716.68,16711.16,16716.67,425
1704197520,16716.67,16718.43,16715.41,16716.68,322
1704197580,16716.68,16717.43,16709.29,16709.68,443
1704197640,16709.68,16714.92,16707.17,16714.54,441
1704197700,16714.54,16715.18,16705.79,16706.06,408
1704197760,16706.06,16706.56,16700.18,16703.43,403
1704197820,16703.43,16704.93,16701.91,16703.31,229
1704197880,16703.31,16703.56,16699.06,16702.18,216
1704197940,16702.18,16702.18,16697.16,16697.31,355
1704198000,16697.31,16699.67,16695.91,16698.8,394
1704198060,16698.8,16704.06,16698.8,16700.68,428
1704198120,16700.68,16706.68,16700.16,16706.16,320
1704198180,16706.16,16711.18,16705.8,16710.41,301
1704198240,16710.41,16712.18,16708.61,16709.91,292
1704198300,16709.91,16711.29,16706.3,16708.3,370
1704198360,16708.3,16712.18,16708.17,16712.04,277
1704198420,16712.04,16712.81,16708.54,16710.67,413
1704198480,16710.67,16711.06,16702.16,16703.05,342
1704198540,16703.05,16705.81,16702.56,16704.66,284
1704198600,16704.66,16704.8,16699.79,16701.68,373
1704198660,16701.68,16707.56,16701.55,16707.16,313
1704198720,16707.16,16707.43,16701.79,16702.29,301
1704198780,16702.29,16707.54,16702.29,16706.17,312
1704198840,16706.17,16708.29,16704.92,16708.16,272
1704198900,16708.16,16708.16,16703.8,16706.93,374
1704198960,16706.93,16707.31,16702.79,16702.8,329
1704199020,16702.8,16703.43,16697.68,16702.41,465
1704199080,16702.41,16702.42,16699.3,16699.67,257
1704199140,16699.67,16702.18,16698.41,16701.41,352
1704199200,16701.41,16702.67,16697.66,16698.8,378
1704199260,16698.8,16704.68,16698.04,16704.3,300
1704199320,16704.3,16705.79,16702.54,16704.92,361
1704199380,16704.92,16706.42,16701.05,16701.3,338
1704199440,16701.3,16701.43,16695.92,16696.05,396
1704199500,16696.05,16701.68,16695.91,16699.54,381
1704199560,16699.54,16699.54,16694.17,16695.04,433
1704199620,16695.04,16695.56,16692.16,16692.79,392
1704199680,16692.79,16694.67,16691.92,16693.05,265
1704199740,16693.05,16694.67,16690.91,16690.91,261
1704199800,16690.91,16693.17,16680.79,16681.79,747
1704199860,16681.79,16683.55,16678.04,16683.42,551
1704199920,16683.42,16684.43,16681.05,16681.91,422
1704199980,16681.91,16683.29,16677.17,16679.42,465
1704200040,16679.42,16681.56,16677.92,16680.42,483
1704200100,16680.42,16681.06,16675.16,16675.29,405
1704200160,16675.29,16680.3,16674.66,16677.43,488
1704200220,16677.43,16677.56,16662.05,16666.8,1144
1704200280,16666.8,16670.18,16666.8,16669.92,457
1704200340,16669.92,16671.18,16668.16,16668.16,408
1704200400,16668.16,16673.42,16664.06,16672.04,709
1704200460,16672.04,16673.79,16665.66,16670.66,539
1704200520,16670.66,16676.04,16670.42,16675.79,442
1704200580,16675.79,16676.05,16671.66,16673.91,424
1704200640,16673.91,16674.43,16670.67,16674.3,463
1704200700,16674.3,16676.68,16673.04,16676.18,348
1704200760,16676.18,16676.43,16670.55,16672.42,414
1704200820,16672.42,16672.8,16669.31,16670.16,420
1704200880,16670.16,16671.93,16667.17,16671.93,463
1704200940,16671.93,16676.68,16671.3,16673.55,374
1704201000,16673.55,16673.8,16667.91,16670.17,466
1704201060,16670.17,16674.55,16668.91,16674.55,502
1704201120,16674.55,16674.55,16669.16,16670.17,487
1704201180,16670.17,16670.81,16667.17,16669.91,399
1704201240,16669.91,16670.3,16665.66,16665.67,541
1704201300,16665.67,16670.3,16664.04,16669.91,527
1704201360,16669.91,16671.66,16665.29,16665.93,463
1704201420,16665.93,16669.05,16665.55,16668.17,346
1704201480,16668.17,16669.56,16665.31,16669.43,388
1704201540,16669.43,16669.92,16667.42,16667.68,230
1704201600,16667.68,16669.17,16664.66,16664.93,567
1704201660,16664.93,16665.56,16662.29,16663.3,514
1704201720,16663.3,16667.54,16662.04,16667.16,431
1704201780,16667.16,16670.92,16666.29,16668.18,500
1704201840,16668.18,16669.43,16664.16,16668.66,398
1704201900,16668.66,16672.18,16665.92,16672.18,526
1704201960,16672.18,16675.55,16671.42,16673.68,475
1704202020,16673.68,16673.81,16669.17,16671.92,402
1704202080,16671.92,16673.3,16669.41,16672.68,349
1704202140,16672.68,16673.18,16669.67,16672.91,416
1704202200,16672.91,16673.79,16666.8,16672.93,561
1704202260,16672.93,16684.29,16672.79,16683.93,806
1704202320,16683.93,16688.66,16683.93,16687.68,541
1704202380,16687.68,16690.68,16687.56,16689.93,541
1704202440,16689.93,16693.92,16689.3,16693.92,514
1704202500,16693.92,16695.43,16687.43,16687.43,504
1704202560,16687.43,16688.18,16681.29,16682.41,654
1704202620,16682.41,16682.41,16676.16,16680.18,550
1704202680,16680.18,16680.66,16677.06,16678.41,289
1704202740,16678.41,16685.16,16677.54,16683.42,562
1704202800,16683.42,16684.93,16676.79,16681.16,675
1704202860,16681.16,16681.68,16678.93,16679.91,354
1704202920,16679.91,16683.8,16677.92,16683.54,387
1704202980,16683.54,16689.8,16681.66,16689.42,425
1704203040,16689.42,16691.81,16688.41,16690.17,453
1704203100,16690.17,16692.67,16688.79,16691.91,378
1704203160,16691.91,16692.05,16689.06,16689.29,417
1704203220,16689.29,16690.18,16688.29,16689.68,374
1704203280,16689.68,16689.8,16685.3,16688.29,396
1704203340,16688.29,16692.56,16685.55,16688.68,346
1704203400,16688.68,16688.93,16683.8,16687.92,387
1704203460,16687.92,16690.91,16686.06,16686.67,390
1704203520,16686.67,16690.66,16686.16,16690.55,343
1704203580,16690.55,16691.8,16689.17,16691.04,294
1704203640,16691.04,16693.56,16689.41,16692.42,265
1704203700,16692.42,16695.31,16692.29,16694.05,317
1704203760,16694.05,16696.67,16693.56,16695.91,270
1704203820,16695.91,16697.8,16695.17,16697.41,281
1704203880,16697.41,16700.43,16696.8,16699.18,357
1704203940,16699.18,16699.68,16696.8,16697.8,385
1704204000,16697.8,16699.31,16696.67,16697.16,396
1704204060,16697.16,16699.17,16696.05,16697.92,399
1704204120,16697.92,16699.79,16693.67,16694.05,523
1704204180,16694.05,16695.16,16688.55,16688.67,691
1704204240,16688.67,16689.18,16681.16,16681.66,704
1704204300,16681.66,16688.81,16679.55,16687.18,625
1704204360,16687.18,16687.55,16682.29,16686.16,452
1704204420,16686.16,16699.55,16686.16,16696.92,588
1704204480,16696.92,16699.56,16696.05,16699.29,367
1704204540,16699.29,16701.81,16698.91,16699.43,427
1704204600,16699.43,16702.43,16698.81,16700.92,322
1704204660,16700.92,16702.93,16697.29,16700.67,478
1704204720,16700.67,16704.93,16700.41,16704.29,519
1704204780,16704.29,16710.56,16703.67,16706.92,737
1704204840,16706.92,16709.18,16705.81,16706.16,495
1704204900,16706.16,16708.31,16706.04,16707.54,448
1704204960,16707.54,16709.18,16706.31,16706.93,383
1704205020,16706.93,16708.05,16706.05,16707.41,310
1704205080,16707.41,16710.04,16707.18,16709.17,428
1704205140,16709.17,16709.29,16706.29,16707.91,417
1704205200,16707.91,16708.16,16705.04,16706.29,354
1704205260,16706.29,16710.06,16705.56,16709.42,388
1704205320,16709.42,16710.17,16708.42,16709.92,263
1704205380,16709.92,16719.56,16709.92,16718.66,668
1704205440,16718.66,16722.56,16713.67,16714.67,820
1704205500,16714.67,16718.54,16708.54,16715.18,932
1704205560,16715.18,16717.42,16712.93,16716.05,541
1704205620,16716.05,16716.05,16706.16,16707.93,814
1704205680,16707.93,16708.93,16705.04,16707.92,734
1704205740,16707.92,16711.66,16705.92,16707.16,964
1704205800,16707.16,16715.07,16686.06,16714.82,9066
1704205860,16714.82,16718.82,16704.07,16712.56,5442
1704205920,16712.56,16715.07,16698.95,16708.82,5278
1704205980,16708.82,16708.82,16686.56,16693.81,5079
1704206040,16693.81,16694.33,16675.2,16677.33,3879
1704206100,16677.33,16687.69,16671.69,16686.31,3625
1704206160,16686.31,16687.06,16667.07,16670.06,3031
1704206220,16670.06,16673.94,16662.44,16665.57,2754
1704206280,16665.57,16666.57,16640.94,16648.57,3868
1704206340,16648.57,16653.07,16642.83,16645.81,3331
1704206400,16645.81,16647.46,16626.7,16638.32,4274
1704206460,16638.32,16644.44,16625.32,16627.57,3109
1704206520,16627.57,16633.58,16613.19,16614.33,2862
1704206580,16614.33,16621.08,16613.69,16616.46,2734
1704206640,16616.46,16628.08,16615.94,16623.08,2506
1704206700,16623.08,16625.07,16609.56,16612.21,5187
1704206760,16612.21,16627.45,16609.07,16622.94,7324
1704206820,16622.94,16627.45,16611.69,16614.56,3684
1704206880,16614.56,16616.33,16591.56,16592.57,3365
1704206940,16592.57,16594.31,16581.57,16582.33,2795
1704207000,16582.33,16592.21,16579.7,16591.33,2716
1704207060,16591.33,16603.21,16588.31,16598.32,2703
1704207120,16598.32,16598.83,16589.58,16595.7,2699
1704207180,16595.7,16597.32,16584.32,16585.08,2095
1704207240,16585.08,16587.46,16576.88,16578.2,1971
1704207300,16578.2,16587.81,16576.44,16581.32,2335
1704207360,16581.32,16581.46,16564.82,16567.82,2145
1704207420,16567.82,16580.96,16565.57,16580.31,2128
1704207480,16580.31,16593.21,16580.31,16592.81,2120
1704207540,16592.81,16609.71,16590.33,16609.06,2048
1704207600,16609.06,16628.2,16602.36,16624.96,3174
1704207660,16624.96,16629.45,16618.81,16628.83,2335
1704207720,16628.83,16634.07,16620.32,16624.19,2407
1704207780,16624.19,16632.21,16617.33,16624.46,2144
1704207840,16624.46,16626.08,16619.58,16624.58,2978
1704207900,16624.58,16626.21,16606.2,16608.31,4378
1704207960,16608.31,16618.21,16604.94,16614.06,3747
1704208020,16614.06,16616.07,16603.19,16604.06,3195
1704208080,16604.06,16609.19,16592.83,16597.81,4571
1704208140,16597.81,16611.07,16597.69,16606.83,4053
1704208200,16606.83,16613.32,16598.06,16599.81,3967
1704208260,16599.81,16609.58,16594.19,16597.21,3414
1704208320,16597.21,16611.07,16595.56,16610.82,3699
1704208380,16610.82,16616.21,16608.81,16610.08,3357
1704208440,16610.08,16611.57,16589.19,16594.2,3757
1704208500,16594.2,16595.07,16582.31,16585.94,3584
1704208560,16585.94,16593.58,16583.19,16586.32,2215
1704208620,16586.32,16596.58,16582.82,16594.82,1944
1704208680,16594.82,16599.46,16586.44,16588.06,1753
1704208740,16588.06,16592.82,16580.56,16581.33,1700
1704208800,16581.33,16588.56,16579.19,16583.56,2028
1704208860,16583.56,16595.94,16582.58,16587.58,1678
1704208920,16587.58,16595.21,16587.56,16592.58,1455
1704208980,16592.58,16600.82,16588.56,16598.56,1384
1704209040,16598.56,16604.83,16597.81,16601.08,1621
1704209100,16601.08,16604.44,16589.31,16589.57,1536
1704209160,16589.57,16591.81,16572.81,16573.06,2064
1704209220,16573.06,16586.19,16572.44,16579.06,1894
1704209280,16579.06,16579.94,16562.31,16564.56,2007
1704209340,16564.56,16575.7,16564.44,16568.57,1762
1704209400,16568.57,16570.19,16550.06,16551.58,2456
1704209460,16551.58,16557.7,16547.71,16548.07,1809
1704209520,16548.07,16555.57,16547.44,16550.08,1383
1704209580,16550.08,16558.69,16549.69,16552.07,1390
1704209640,16552.07,16555.94,16549.31,16551.33,1317
1704209700,16551.33,16552.07,16543.44,16546.69,1406
1704209760,16546.69,16549.45,16542.2,16543.56,1130
1704209820,16543.56,16548.71,16540.95,16541.94,1475
1704209880,16541.94,16547.46,16541.44,16543.07,2330
1704209940,16543.07,16551.46,16541.83,16545.32,2621
1704210000,16545.32,16553.7,16542.56,16549.82,2494
1704210060,16549.82,16551.07,16542.81,16545.31,2425
1704210120,16545.31,16550.46,16542.94,16547.56,2252
1704210180,16547.56,16552.71,16545.45,16551.46,1960
1704210240,16551.46,16562.71,16550.96,16560.95,2638
1704210300,16560.95,16568.33,16555.33,16562.83,2407
1704210360,16562.83,16563.7,16553.82,16556.21,2010
1704210420,16556.21,16556.71,16550.69,16551.7,1721
1704210480,16551.7,16551.7,16546.19,16548.44,1867
1704210540,16548.44,16554.21,16533.94,16535.46,2464
1704210600,16535.46,16541.58,16530.44,16535.46,2776
1704210660,16535.46,16547.58,16534.44,16545.58,2306
1704210720,16545.58,16550.21,16540.07,16547.08,2163
1704210780,16547.08,16549.19,16541.82,16542.83,1703
1704210840,16542.83,16546.31,16541.33,16545.07,1135
1704210900,16545.07,16550.69,16543.57,16549.06,923
1704210960,16549.06,16556.45,16548.96,16553.33,1019
1704211020,16553.33,16554.31,16543.56,16543.71,1052
1704211080,16543.71,16548.07,16540.44,16543.83,1091
1704211140,16543.83,16557.83,16543.83,16555.81,1231
1704211200,16555.81,16563.96,16554.31,16563.57,1422
1704211260,16563.57,16567.71,16556.7,16560.81,1318
1704211320,16560.81,16568.33,16558.57,16565.56,1167
1704211380,16565.56,16567.2,16558.31,16562.06,1159
1704211440,16562.06,16578.57,16561.57,16576.08,1607
1704211500,16576.08,16577.96,16569.44,16573.19,2083
1704211560,16573.19,16574.33,16562.44,16573.57,2161
1704211620,16573.57,16578.07,16571.57,16573.06,1983
1704211680,16573.06,16576.21,16570.56,16575.32,1620
1704211740,16575.32,16582.96,16573.94,16581.08,1992
1704211800,16581.08,16592.7,16580.31,16592.06,2590
1704211860,16592.06,16602.32,16591.07,16598.46,2447
1704211920,16598.46,16600.95,16595.2,16596.08,1981
1704211980,16596.08,16596.58,16584.83,16587.33,2337
1704212040,16587.33,16595.21,16586.96,16592.83,1677
1704212100,16592.83,16599.83,16591.69,16596.33,2032
1704212160,16596.33,16601.32,16593.56,16595.71,1645
1704212220,16595.71,16597.58,16588.44,16592.83,1903
1704212280,16592.83,16598.95,16591.19,16593.83,1807
1704212340,16593.83,16602.58,16591.7,16600.81,1833
1704212400,16600.81,16606.08,16594.95,16595.58,2075
1704212460,16595.58,16603.45,16594.81,16597.83,1744
1704212520,16597.83,16605.46,16593.94,16600.57,1844
1704212580,16600.57,16601.94,16595.45,16597.06,1622
1704212640,16597.06,16598.21,16589.44,16594.46,1930
1704212700,16594.46,16596.82,16592.56,16596.2,1452
1704212760,16596.2,16604.44,16595.69,16599.31,1385
1704212820,16599.31,16601.21,16597.45,16600.81,1255
1704212880,16600.81,16605.21,16599.7,16601.83,1564
1704212940,16601.83,16607.32,16600.83,16606.45,1449
1704213000,16606.45,16615.19,16603.57,16611.95,1957
1704213060,16611.95,16613.46,16607.58,16609.33,1408
1704213120,16609.33,16611.46,16606.94,16610.58,1551
1704213180,16610.58,16615.21,16608.44,16612.82,1506
1704213240,16612.82,16614.71,16611.56,16613.81,845
1704213300,16613.81,16614.21,16604.96,16609.31,1170
1704213360,16609.31,16611.71,16606.2,16610.81,957
1704213420,16610.81,16617.83,16610.06,16616.07,1010
1704213480,16616.07,16616.21,16610.07,16612.46,1072
1704213540,16612.46,16613.45,16608.19,16609.31,908
1704213600,16609.31,16610.7,16606.21,16607.32,864
1704213660,16607.32,16611.7,16605.94,16610.08,772
1704213720,16610.08,16612.44,16609.44,16611.32,728
1704213780,16611.32,16614.7,16610.44,16612.45,774
1704213840,16612.45,16615.96,16609.33,16615.45,828
1704213900,16615.45,16624.19,16612.44,16623.96,1164
1704213960,16623.96,16630.58,16619.45,16627.83,1965
1704214020,16627.83,16628.96,16622.82,16627.32,1173
1704214080,16627.32,16629.81,16623.45,16624.33,1042
1704214140,16624.33,16629.2,16623.56,16627.95,832
1704214200,16627.95,16629.71,16624.06,16625.06,913
1704214260,16625.06,16628.21,16624.94,16626.2,745
1704214320,16626.2,16626.7,16616.96,16617.19,1071
1704214380,16617.19,16624.06,16614.69,16622.07,1171
1704214440,16622.07,16622.2,16617.07,16617.81,815
1704214500,16617.81,16620.33,16616.06,16618.69,904
1704214560,16618.69,16626.2,16618.69,16621.44,976
1704214620,16621.44,16622.7,16619.19,16622.33,771
1704214680,16622.33,16625.08,16619.69,16619.96,820
1704214740,16619.96,16623.46,16616.94,16623.32,811
1704214800,16623.32,16628.96,16623.32,16627.21,1073
1704214860,16627.21,16630.57,16626.19,16626.58,971
1704214920,16626.58,16626.58,16620.45,16623.46,1061
1704214980,16623.46,16625.19,16620.82,16623.32,832
1704215040,16623.32,16628.83,16622.95,16627.82,786
1704215100,16627.82,16629.07,16625.69,16627.31,839
1704215160,16627.31,16628.21,16622.94,16626.19,1021
1704215220,16626.19,16629.45,16625.94,16629.33,733
1704215280,16629.33,16632.44,16628.44,16631.08,972
1704215340,16631.08,16631.08,16624.2,16625.83,1047
1704215400,16625.83,16628.95,16623.81,16627.08,1150
1704215460,16627.08,16627.7,16623.95,16627.07,1050
1704215520,16627.07,16628.45,16622.07,16622.21,981
1704215580,16622.21,16624.58,16618.46,16622.69,1099
1704215640,16622.69,16625.45,16620.81,16623.81,1048
1704215700,16623.81,16624.08,16618.94,16621.08,1040
1704215760,16621.08,16622.58,16615.69,16617.58,1263
1704215820,16617.58,16618.96,16598.7,16605.57,1873
1704215880,16605.57,16607.2,16602.31,16606.08,1201
1704215940,16606.08,16609.45,16603.87,16606.71,1065
1704216000,16606.71,16614.83,16604.12,16612.32,1441
1704216060,16612.32,16617.83,16612.32,16616.08,918
1704216120,16616.08,16617.19,16605.57,16608.83,1101
1704216180,16608.83,16611.19,16606.33,16610.82,895
1704216240,16610.82,16611.95,16604.95,16607.83,1040
1704216300,16607.83,16610.21,16603.44,16609.83,1105
1704216360,16609.83,16613.07,16606.7,16607.82,925
1704216420,16607.82,16612.06,16604.56,16611.82,773
1704216480,16611.82,16614.44,16609.08,16611.08,810
1704216540,16611.08,16611.58,16604.7,16605.08,818
1704216600,16605.08,16606.7,16596.82,16599.06,1172
1704216660,16599.06,16608.71,16598.44,16605.56,1100
1704216720,16605.56,16611.95,16604.46,16611.07,903
1704216780,16611.07,16615.71,16610.7,16613.58,995
1704216840,16613.58,16616.83,16612.56,16616.57,957
1704216900,16616.57,16618.58,16612.7,16616.58,1189
1704216960,16616.58,16621.45,16614.31,16617.07,993
1704217020,16617.07,16618.06,16612.58,16617.07,889
1704217080,16617.07,16622.2,16616.19,16620.08,1010
1704217140,16620.08,16621.57,16617.19,16621.46,829
1704217200,16621.46,16630.96,16621.46,16629.56,1236
1704217260,16629.56,16631.96,16626.81,16629.19,923
1704217320,16629.19,16629.69,16624.81,16624.96,958
1704217380,16624.96,16624.96,16618.96,16621.56,944
1704217440,16621.56,16622.71,16619.45,16620.95,784
1704217500,16620.95,16622.07,16613.06,16614.07,1094
1704217560,16614.07,16616.96,16609.69,16611.07,1048
1704217620,16611.07,16611.07,16603.32,16603.56,1169
1704217680,16603.56,16606.45,16589.44,16593.33,1789
1704217740,16593.33,16597.19,16591.44,16596.57,1036
1704217800,16596.57,16597.7,16585.44,16588.44,1395
1704217860,16588.44,16591.31,16580.46,16584.81,1628
1704217920,16584.81,16587.2,16582.57,16584.08,1210
1704217980,16584.08,16586.08,16581.46,16582.21,907
1704218040,16582.21,16585.19,16579.56,16580.81,984
1704218100,16580.81,16583.57,16569.7,16571.81,1553
1704218160,16571.81,16575.96,16567.19,16572.08,1483
1704218220,16572.08,16572.96,16568.69,16569.81,1050
1704218280,16569.81,16572.19,16563.19,16564.57,1086
1704218340,16564.57,16568.21,16563.07,16565.46,1110
1704218400,16565.46,16566.21,16560.7,16563.07,1130
1704218460,16563.07,16568.2,16560.69,16566.2,1178
1704218520,16566.2,16566.71,16555.08,16559.57,1326
1704218580,16559.57,16563.07,16558.31,16560.57,896
1704218640,16560.57,16562.57,16555.45,16562.33,901
1704218700,16562.33,16564.21,16560.44,16562.56,914
1704218760,16562.56,16565.57,16556.33,16557.33,979
1704218820,16557.33,16560.2,16555.82,16558.56,861
1704218880,16558.56,16558.83,16553.45,16554.56,1034
1704218940,16554.56,16554.96,16548.71,16552.82,1350
1704219000,16552.82,16558.2,16550.45,16557.57,1158
1704219060,16557.57,16562.46,16556.06,16561.56,1149
1704219120,16561.56,16562.95,16557.81,16559.81,1153
1704219180,16559.81,16566.2,16558.46,16565.31,1127
1704219240,16565.31,16569.2,16562.58,16565.57,1148
1704219300,16565.57,16569.45,16562.46,16567.46,1005
1704219360,16567.46,16568.32,16562.08,16564.31,935
1704219420,16564.31,16568.58,16562.56,16567.82,790
1704219480,16567.82,16572.44,16567.31,16571.08,909
1704219540,16571.08,16571.95,16567.44,16570.56,911
1704219600,16570.56,16574.21,16569.31,16573.81,842
1704219660,16573.81,16575.96,16571.69,16575.58,796
1704219720,16575.58,16575.95,16571.94,16573.69,751
1704219780,16573.69,16576.19,16570.81,16573.19,708
1704219840,16573.19,16582.08,16572.94,16579.58,1034
1704219900,16579.58,16581.58,16577.46,16578.81,646
1704219960,16578.81,16585.69,16578.81,16584.44,773
1704220020,16584.44,16587.32,16577.7,16578.94,954
1704220080,16578.94,16581.06,16576.44,16579.46,793
1704220140,16579.46,16579.94,16575.33,16576.83,748
1704220200,16576.83,16582.08,16573.45,16580.57,1122
1704220260,16580.57,16582.33,16573.81,16576.83,855
1704220320,16576.83,16579.81,16572.44,16575.83,853
1704220380,16575.83,16578.82,16574.33,16578.46,753
1704220440,16578.46,16585.2,16576.81,16583.06,824
1704220500,16583.06,16586.08,16579.56,16586.08,942
1704220560,16586.08,16586.08,16580.7,16581.82,829
1704220620,16581.82,16584.71,16576.56,16580.56,922
1704220680,16580.56,16584.82,16580.06,16582.56,828
1704220740,16582.56,16584.19,16580.56,16583.58,810
1704220800,16583.58,16584.69,16579.06,16583.32,819
1704220860,16583.32,16584.2,16579.82,16584.07,702
1704220920,16584.07,16584.57,16573.31,16574.57,843
1704220980,16574.57,16581.46,16573.06,16580.56,1077
1704221040,16580.56,16580.56,16574.45,16575.33,687
1704221100,16575.33,16577.95,16569.56,16574.56,1099
1704221160,16574.56,16582.56,16573.95,16582.2,1036
1704221220,16582.2,16584.69,16578.08,16578.32,941
1704221280,16578.32,16578.71,16573.94,16574.96,798
1704221340,16574.96,16575.21,16568.81,16569.82,1168
1704221400,16569.82,16570.07,16560.2,16562.56,1304
1704221460,16562.56,16565.83,16560.2,16561.07,1185
1704221520,16561.07,16561.07,16554.2,16556.95,1232
1704221580,16556.95,16559.08,16552.69,16553.45,1027
1704221640,16553.45,16555.71,16551.31,16552.58,1119
1704221700,16552.58,16554.46,16550.19,16550.94,973
1704221760,16550.94,16553.46,16540.86,16543.31,1589
1704221820,16543.31,16543.83,16537.06,16540.81,1582
1704221880,16540.81,16541.71,16533.69,16535.81,1122
1704221940,16535.81,16542.33,16533.45,16541.56,1188
1704222000,16541.56,16547.71,16538.44,16544.81,1606
1704222060,16544.81,16544.83,16539.69,16540.08,1122
1704222120,16540.08,16542.07,16533.69,16533.94,1364
1704222180,16533.94,16537.46,16531.07,16531.82,1235
1704222240,16531.82,16532.45,16524.06,16525.71,1486
1704222300,16525.71,16529.94,16523.31,16526.08,1269
1704222360,16526.08,16527.82,16516.33,16518.33,1534
1704222420,16518.33,16519.21,16513.46,16515.58,1252
1704222480,16515.58,16519.71,16515.21,16519.2,1129
1704222540,16519.2,16524.2,16516.7,16522.95,1066
1704222600,16522.95,16527.7,16519.45,16526.56,1388
1704222660,16526.56,16537.21,16524.95,16532.95,1628
1704222720,16532.95,16538.46,16529.69,16538.46,985
1704222780,16538.46,16542.95,16535.81,16541.56,1129
1704222840,16541.56,16542.21,16534.71,16536.81,986
1704222900,16536.81,16536.96,16530.21,16531.81,1117
1704222960,16531.81,16534.46,16529.45,16533.31,884
1704223020,16533.31,16533.56,16529.69,16532.56,778
1704223080,16532.56,16535.21,16531.83,16535.21,706
1704223140,16535.21,16538.71,16533.44,16534.21,907
1704223200,16534.21,16536.45,16532.44,16536.08,797
1704223260,16536.08,16538.56,16534.44,16537.58,617
1704223320,16537.58,16538.58,16533.2,16534.57,723
1704223380,16534.57,16535.96,16531.96,16534.08,728
1704223440,16534.08,16535.21,16530.44,16534.31,720
1704223500,16534.31,16538.46,16533.31,16537.08,843
1704223560,16537.08,16539.21,16535.07,16538.08,716
1704223620,16538.08,16540.69,16535.81,16536.57,713
1704223680,16536.57,16543.32,16536.31,16540.82,893
1704223740,16540.82,16546.57,16540.56,16544.07,861
1704223800,16544.07,16548.71,16542.69,16547.56,1057
1704223860,16547.56,16552.71,16542.58,16543.33,1016
1704223920,16543.33,16543.46,16535.71,16537.08,1175
1704223980,16537.08,16541.33,16536.81,16539.06,773
1704224040,16539.06,16544.33,16538.83,16541.82,745
1704224100,16541.82,16543.57,16537.96,16541.56,711
1704224160,16541.56,16542.08,16537.56,16537.83,737
1704224220,16537.83,16539.69,16536.31,16539.32,595
1704224280,16539.32,16541.45,16535.71,16536.08,666
1704224340,16536.08,16537.33,16529.81,16530.2,750
1704224400,16530.2,16532.32,16525.95,16532.06,985
1704224460,16532.06,16533.83,16528.58,16529.32,753
1704224520,16529.32,16529.69,16525.94,16527.56,748
1704224580,16527.56,16535.2,16527.21,16535.07,640
1704224640,16535.07,16535.2,16531.07,16532.58,664
1704224700,16532.58,16534.2,16530.44,16533.57,725
1704224760,16533.57,16536.7,16532.82,16536.07,787
1704224820,16536.07,16536.21,16531.2,16532.58,726
1704224880,16532.58,16533.06,16527.36,16529.71,853
1704224940,16529.71,16531.71,16523.69,16525.06,652
1704225000,16525.06,16530.33,16522.46,16523.95,1193
1704225060,16523.95,16525.96,16522.7,16524.33,754
1704225120,16524.33,16524.33,16518.31,16519.31,1074
1704225180,16519.31,16519.31,16508.94,16510.96,1569
1704225240,16510.96,16516.96,16508.94,16511.94,1230
1704225300,16511.94,16512.58,16505.94,16507.46,1155
1704225360,16507.46,16512.57,16506.19,16512.21,1003
1704225420,16512.21,16512.21,16506.96,16507.56,874
1704225480,16507.56,16509.81,16504.69,16508.7,802
1704225540,16508.7,16508.95,16499.44,16500.06,1183
1704225600,16500.06,16505.08,16495.44,16496.45,1391
1704225660,16496.45,16500.83,16495.06,16496.56,920
1704225720,16496.56,16498.32,16489.69,16491.32,1176
1704225780,16491.32,16491.44,16478.44,16478.81,1508
1704225840,16478.81,16480.95,16469.46,16473.83,1838
1704225900,16473.83,16479.46,16472.94,16476.33,1273
1704225960,16476.33,16479.07,16471.44,16473.08,919
1704226020,16473.08,16485.81,16472.57,16482.58,1404
1704226080,16482.58,16483.83,16478.19,16481.69,1348
1704226140,16481.69,16487.83,16476.94,16478.31,1369
1704226200,16478.31,16485.2,16478.31,16481.46,1059
1704226260,16481.46,16483.81,16478.94,16482.19,800
1704226320,16482.19,16482.83,16474.44,16474.57,833
1704226380,16474.57,16478.7,16474.56,16475.56,920
1704226440,16475.56,16475.82,16467.96,16472.07,1101
1704226500,16472.07,16477.83,16469.7,16474.82,1132
1704226560,16474.82,16481.31,16474.45,16479.32,1244
1704226620,16479.32,16489.94,16478.56,16488.81,1579
1704226680,16488.81,16490.96,16483.81,16487.31,1512
1704226740,16487.31,16490.21,16484.57,16487.31,1124
1704226800,16487.31,16487.95,16483.2,16485.56,1156
1704226860,16485.56,16486.06,16480.96,16485.07,850
1704226920,16485.07,16485.08,16475.95,16479.44,1106
1704226980,16479.44,16485.7,16479.31,16483.82,893
1704227040,16483.82,16489.7,16483.45,16488.32,900
1704227100,16488.32,16491.95,16485.44,16485.82,1098
1704227160,16485.82,16486.58,16480.94,16485.96,1035
1704227220,16485.96,16487.32,16483.45,16485.83,856
1704227280,16485.83,16488.58,16483.94,16486.82,914
1704227340,16486.82,16493.21,16485.69,16490.81,973
1704227400,16490.81,16499.33,16489.58,16496.7,1400
1704227460,16496.7,16503.96,16495.08,16502.33,1362
1704227520,16502.33,16504.33,16497.82,16503.06,1309
1704227580,16503.06,16503.44,16499.81,16502.06,1065
1704227640,16502.06,16502.33,16493.96,16494.32,830
1704227700,16494.32,16494.82,16490.7,16492.71,957
1704227760,16492.71,16494.21,16487.08,16491.31,1108
1704227820,16491.31,16493.71,16487.2,16489.46,1037
1704227880,16489.46,16490.21,16483.56,16484.82,901
1704227940,16484.82,16486.96,16482.31,16485.2,837
1704228000,16485.2,16491.69,16483.95,16490.08,965
1704228060,16490.08,16493.7,16489.33,16490.19,972
1704228120,16490.19,16491.21,16485.69,16490.56,888
1704228180,16490.56,16496.95,16489.81,16494.06,1121
1704228240,16494.06,16500.2,16493.7,16497.57,1048
1704228300,16497.57,16504.71,16497.31,16501.7,991
1704228360,16501.7,16503.58,16497.95,16500.96,868
1704228420,16500.96,16506.45,16500.56,16504.83,982
1704228480,16504.83,16509.96,16504.21,16508.21,916
1704228540,16508.21,16512.33,16506.56,16510.71,900
1704228600,16510.71,16536.71,16510.58,16536.57,3208
1704228660,16536.57,16546.32,16531.7,16540.71,2833
1704228720,16540.71,16544.83,16534.19,16537.06,2292
1704228780,16537.06,16545.96,16536.81,16541.06,1913
1704228840,16541.06,16545.94,16534.95,16540.45,2518
1704228900,16540.45,16551.46,16540.45,16549.96,2388
1704228960,16549.96,16558.19,16549.31,16557.56,1991
1704229020,16557.56,16563.21,16556.19,16562.32,1794
1704229080,16562.32,16569.71,16560.7,16569.06,1752
1704229140,16569.06,16571.08,16558.69,16566.2,3863
1704229200,16566.2,16569.79,16558.93,16569.66,1547
1704229260,16569.66,16578.31,16569.55,16576.67,857
1704229320,16576.67,16581.31,16576.18,16578.92,677
1704229380,16578.92,16580.81,16577.3,16580.81,423
1704229440,16580.81,16581.06,16576.16,16576.66,432
1704229500,16576.66,16579.81,16576.66,16579.06,301
1704229560,16579.06,16581.05,16577.29,16579.16,284
1704229620,16579.16,16579.43,16577.04,16577.81,281
1704229680,16577.81,16578.31,16575.55,16576.3,282
1704229740,16576.3,16577.93,16574.29,16576.8,281
1704229800,16576.8,16580.81,16575.67,16578.68,389
1704229860,16578.68,16579.92,16577.67,16578.42,226
1704229920,16578.42,16578.68,16576.79,16578.16,194
1704229980,16578.16,16579.06,16571.56,16572.42,348
1704230040,16572.42,16574.29,16572.16,16572.42,241
1704230100,16572.42,16575.31,16572.29,16574.54,190
1704230160,16574.54,16575.31,16573.04,16574.17,116
1704230220,16574.17,16574.43,16572.54,16574.16,109
1704230280,16574.16,16574.93,16572.66,16572.68,105
1704230340,16572.68,16573.67,16572.17,16573.41,110
1704230400,16573.41,16574.05,16573.3,16573.81,36
1704230460,16573.81,16574.31,16573.29,16574.17,139
1704230520,16574.17,16575.31,16573.91,16573.93,97
1704230580,16573.93,16573.93,16573.04,16573.43,83
1704230640,16573.43,16575.18,16573.29,16575.04,114
1704230700,16575.04,16576.06,16574.42,16575.17,129
1704230760,16575.17,16575.81,16574.81,16575.43,78
1704230820,16575.43,16575.81,16574.18,16574.42,85
1704230880,16574.42,16574.93,16573.8,16574.18,113
1704230940,16574.18,16574.43,16573.56,16573.81,75
1704231000,16573.81,16575.06,16573.54,16574.17,107
1704231060,16574.17,16574.43,16573.68,16573.79,63
1704231120,16573.79,16574.68,16573.79,16574.17,65
1704231180,16574.17,16574.43,16573.04,16573.41,71
1704231240,16573.41,16574.81,16573.41,16574.56,114
1704231300,16574.56,16575.93,16573.66,16574.3,151
1704231360,16574.3,16575.92,16573.91,16575.18,114
1704231420,16575.18,16575.68,16571.79,16572.67,118
1704231480,16572.67,16574.43,16572.67,16574.05,77
1704231540,16574.05,16574.56,16572.42,16572.68,65
1704231600,16572.68,16575.56,16572.54,16573.91,132
1704231660,16573.91,16574.56,16573.16,16573.42,66
1704231720,16573.42,16574.68,16573.16,16574.31,64
1704231780,16574.31,16576.18,16573.91,16575.8,112
1704231840,16575.8,16576.67,16574.93,16576.16,100
1704231900,16576.16,16577.3,16575.81,16576.67,120
1704231960,16576.67,16577.16,16575.8,16576.66,107
1704232020,16576.66,16577.18,16574.05,16575.66,141
1704232080,16575.66,16576.55,16575.41,16576.16,122
1704232140,16576.16,16576.68,16574.91,16575.67,222
1704232200,16575.67,16577.05,16574.16,16576.16,163
1704232260,16576.16,16576.93,16575.79,16576.31,94
1704232320,16576.31,16577.3,16574.55,16575.55,131
1704232380,16575.55,16575.79,16574.79,16575.05,71
1704232440,16575.05,16576.31,16574.79,16575.41,90
1704232500,16575.41,16575.56,16574.05,16574.68,99
1704232560,16574.68,16575.29,16574.3,16574.91,65
1704232620,16574.91,16575.06,16574.04,16574.42,63
1704232680,16574.42,16575.67,16574.29,16574.67,101
1704232740,16574.67,16577.0,16574.29,16576.49,128
1704236400,16576.49,16584.72,16576.34,16578.24,311
1704236460,16578.24,16579.59,16576.22,16577.48,204
1704236520,16577.48,16579.49,16576.35,16579.22,135
1704236580,16579.22,16582.84,16578.72,16581.22,94
1704236640,16581.22,16583.6,16580.98,16583.22,99
1704236700,16583.22,16583.61,16582.73,16583.11,109
1704236760,16583.11,16583.49,16582.09,16583.34,92
1704236820,16583.34,16584.23,16582.47,16582.61,73
1704236880,16582.61,16582.86,16581.84,16581.84,50
1704236940,16581.84,16582.61,16581.73,16581.97,76
1704237000,16581.97,16583.36,16581.74,16583.11,74
1704237060,16583.11,16583.36,16581.36,16581.61,46
1704237120,16581.61,16581.85,16580.11,16580.11,73
1704237180,16580.11,16580.24,16576.97,16578.09,104
1704237240,16578.09,16578.72,16577.34,16577.99,83
1704237300,16577.99,16578.22,16576.24,16576.36,144
1704237360,16576.36,16577.84,16576.23,16576.23,67
1704237420,16576.23,16576.61,16572.22,16572.85,138
1704237480,16572.85,16573.61,16571.61,16572.09,114
1704237540,16572.09,16572.6,16570.48,16570.73,115
1704237600,16570.73,16574.1,16570.49,16573.49,133
1704237660,16573.49,16573.61,16571.22,16571.35,74
1704237720,16571.35,16572.36,16565.72,16565.72,164
1704237780,16565.72,16568.24,16565.24,16566.11,141
1704237840,16566.11,16569.24,16566.11,16568.85,87
1704237900,16568.85,16573.6,16568.73,16570.61,145
1704237960,16570.61,16572.74,16568.6,16568.86,83
1704238020,16568.86,16570.48,16568.73,16569.86,85
1704238080,16569.86,16570.59,16568.74,16569.36,63
1704238140,16569.36,16570.47,16568.47,16570.1,53
1704238200,16570.1,16571.6,16569.48,16570.22,83
1704238260,16570.22,16571.1,16569.22,16570.86,78
1704238320,16570.86,16571.86,16570.47,16571.61,104
1704238380,16571.61,16571.99,16571.22,16571.34,61
1704238440,16571.34,16572.24,16571.23,16571.97,59
1704238500,16571.97,16572.85,16571.47,16572.11,86
1704238560,16572.11,16572.61,16571.73,16572.34,50
1704238620,16572.34,16572.59,16571.49,16571.6,44
1704238680,16571.6,16572.11,16571.09,16571.85,83
1704238740,16571.85,16571.98,16571.34,16571.61,32
1704238800,16571.61,16572.11,16570.61,16571.74,75
1704238860,16571.74,16571.74,16569.6,16569.6,62
1704238920,16569.6,16570.84,16569.6,16570.59,24
1704238980,16570.59,16571.1,16570.09,16570.34,36
1704239040,16570.34,16570.73,16569.6,16569.98,30
1704239100,16569.98,16571.11,16568.85,16570.85,150
1704239160,16570.85,16571.24,16569.61,16570.22,86
1704239220,16570.22,16570.72,16569.98,16570.09,40
1704239280,16570.09,16570.73,16569.36,16570.73,110
1704239340,16570.73,16571.61,16570.36,16571.24,57
1704239400,16571.24,16571.86,16570.73,16570.84,73
1704239460,16570.84,16571.72,16570.72,16571.09,93
1704239520,16571.09,16571.59,16570.35,16570.59,51
1704239580,16570.59,16571.6,16570.59,16571.6,25
1704239640,16571.6,16572.24,16571.34,16571.85,43
1704239700,16571.85,16572.98,16571.73,16571.99,44
1704239760,16571.99,16572.86,16571.99,16572.47,61
1704239820,16572.47,16573.59,16572.22,16573.35,54
1704239880,16573.35,16573.48,16572.97,16573.1,71
1704239940,16573.1,16573.34,16572.73,16572.73,22
1704240000,16572.73,16573.85,16572.6,16573.11,270
1704240060,16573.11,16573.22,16569.72,16570.59,283
1704240120,16570.59,16571.36,16570.09,16570.61,139
1704240180,16570.61,16571.49,16568.59,16570.86,164
1704240240,16570.86,16572.23,16570.24,16571.6,80
1704240300,16571.6,16572.1,16571.22,16571.49,103
1704240360,16571.49,16571.6,16569.72,16570.6,115
1704240420,16570.6,16571.1,16570.23,16570.34,77
1704240480,16570.34,16571.23,16570.34,16570.84,86
1704240540,16570.84,16571.86,16569.36,16571.1,139
1704240600,16571.1,16573.34,16570.97,16571.74,155
1704240660,16571.74,16572.24,16570.74,16572.09,66
1704240720,16572.09,16572.24,16571.35,16571.61,122
1704240780,16571.61,16572.98,16571.24,16572.34,86
1704240840,16572.34,16574.6,16572.1,16574.35,78
1704240900,16574.35,16576.11,16573.97,16575.74,108
1704240960,16575.74,16576.22,16575.47,16575.74,62
1704241020,16575.74,16576.47,16575.22,16575.34,98
1704241080,16575.34,16575.73,16574.61,16574.97,64
1704241140,16574.97,16575.22,16573.24,16573.74,86
1704241200,16573.74,16574.1,16573.72,16573.72,52
1704241260,16573.72,16574.24,16573.72,16573.97,39
1704241320,16573.97,16575.24,16573.97,16573.98,72
1704241380,16573.98,16574.48,16573.49,16574.48,63
1704241440,16574.48,16576.48,16574.22,16575.74,133
1704241500,16575.74,16576.22,16574.47,16574.48,127
1704241560,16574.48,16576.48,16574.23,16576.11,136
1704241620,16576.11,16576.49,16575.61,16576.09,81
1704241680,16576.09,16577.36,16575.73,16575.84,104
1704241740,16575.84,16575.99,16573.73,16573.99,96
1704241800,16573.99,16574.1,16572.34,16572.84,152
1704241860,16572.84,16573.59,16572.23,16572.72,93
1704241920,16572.72,16574.36,16572.72,16573.84,43
1704241980,16573.84,16574.73,16573.72,16574.09,58
1704242040,16574.09,16575.11,16574.09,16574.36,94
1704242100,16574.36,16574.98,16571.97,16572.34,101
1704242160,16572.34,16573.35,16571.72,16572.86,133
1704242220,16572.86,16573.84,16572.34,16573.84,75
1704242280,16573.84,16574.99,16572.59,16573.35,148
1704242340,16573.35,16573.48,16569.84,16570.59,86
1704242400,16570.59,16570.97,16568.34,16568.34,108
1704242460,16568.34,16568.97,16567.59,16568.11,147
1704242520,16568.11,16568.59,16567.6,16568.35,89
1704242580,16568.35,16568.35,16566.72,16566.98,120
1704242640,16566.98,16568.24,16566.72,16568.23,81
1704242700,16568.23,16568.99,16567.48,16568.86,140
1704242760,16568.86,16568.99,16568.24,16568.36,42
1704242820,16568.36,16568.61,16567.35,16568.34,97
1704242880,16568.34,16568.49,16567.59,16568.23,120
1704242940,16568.23,16568.74,16567.97,16568.73,83
1704243000,16568.73,16568.73,16566.47,16566.98,109
1704243060,16566.98,16567.34,16565.22,16565.22,112
1704243120,16565.22,16565.84,16564.22,16564.34,140
1704243180,16564.34,16565.24,16562.97,16564.34,154
1704243240,16564.34,16567.22,16563.84,16566.84,123
1704243300,16566.84,16567.85,16566.61,16567.09,109
1704243360,16567.09,16567.48,16566.35,16566.99,70
1704243420,16566.99,16566.99,16565.47,16565.85,79
1704243480,16565.85,16566.11,16565.36,16566.1,81
1704243540,16566.1,16566.72,16564.61,16564.61,140
1704243600,16564.61,16567.49,16563.09,16566.36,328
1704243660,16566.36,16568.36,16566.36,16567.1,184
1704243720,16567.1,16569.24,16567.1,16567.6,121
1704243780,16567.6,16568.1,16566.61,16566.84,157
1704243840,16566.84,16566.99,16564.84,16564.84,91
1704243900,16564.84,16565.98,16564.09,16565.22,84
1704243960,16565.22,16565.72,16564.47,16565.34,85
1704244020,16565.34,16565.85,16565.22,16565.47,55
1704244080,16565.47,16565.97,16564.34,16564.97,85
1704244140,16564.97,16564.97,16560.97,16561.85,155
1704244200,16561.85,16562.1,16560.86,16561.35,100
1704244260,16561.35,16561.35,16558.98,16559.1,149
1704244320,16559.1,16559.97,16558.47,16558.47,135
1704244380,16558.47,16560.11,16558.22,16560.11,129
1704244440,16560.11,16560.49,16559.22,16559.99,121
1704244500,16559.99,16560.49,16558.22,16559.35,357
1704244560,16559.35,16559.99,16558.84,16559.09,230
1704244620,16559.09,16559.11,16556.34,16557.84,251
1704244680,16557.84,16560.86,16557.34,16560.35,178
1704244740,16560.35,16561.59,16559.98,16561.09,123
1704244800,16561.09,16562.36,16560.84,16561.86,115
1704244860,16561.86,16562.11,16559.24,16559.73,109
1704244920,16559.73,16561.84,16559.72,16560.97,117
1704244980,16560.97,16561.36,16559.35,16559.85,100
1704245040,16559.85,16559.99,16558.73,16558.86,166
1704245100,16558.86,16559.11,16557.59,16558.73,347
1704245160,16558.73,16559.36,16557.72,16558.86,178
1704245220,16558.86,16559.99,16558.34,16559.1,186
1704245280,16559.1,16560.84,16558.97,16560.84,102
1704245340,16560.84,16560.85,16558.97,16560.09,164
1704245400,16560.09,16561.85,16558.97,16561.6,317
1704245460,16561.6,16561.86,16559.23,16560.1,225
1704245520,16560.1,16560.74,16557.97,16557.97,190
1704245580,16557.97,16558.98,16557.72,16557.73,141
1704245640,16557.73,16557.97,16555.49,16557.49,218
1704245700,16557.49,16559.22,16557.11,16557.34,184
1704245760,16557.34,16558.49,16555.84,16558.09,226
1704245820,16558.09,16561.49,16558.09,16560.47,172
1704245880,16560.47,16560.84,16556.97,16557.6,127
1704245940,16557.6,16558.99,16557.59,16558.35,84
1704246000,16558.35,16559.48,16557.36,16557.86,138
1704246060,16557.86,16557.99,16556.09,16557.34,160
1704246120,16557.34,16558.86,16557.22,16557.99,175
1704246180,16557.99,16558.61,16557.35,16557.85,152
1704246240,16557.85,16558.24,16556.72,16558.24,170
1704246300,16558.24,16558.24,16555.6,16556.34,155
1704246360,16556.34,16558.49,16556.34,16558.1,142
1704246420,16558.1,16560.48,16557.84,16559.84,168
1704246480,16559.84,16560.11,16559.09,16559.6,145
1704246540,16559.6,16559.85,16558.85,16559.36,140
1704246600,16559.36,16561.1,16559.36,16560.72,148
1704246660,16560.72,16561.09,16559.36,16560.59,172
1704246720,16560.59,16562.72,16560.34,16562.35,209
1704246780,16562.35,16562.99,16561.84,16562.36,156
1704246840,16562.36,16563.86,16561.72,16563.72,100
1704246900,16563.72,16565.09,16562.74,16564.11,142
1704246960,16564.11,16564.36,16562.35,16562.6,129
1704247020,16562.6,16563.48,16561.22,16561.35,119
1704247080,16561.35,16561.61,16559.73,16560.22,72
1704247140,16560.22,16560.36,16559.22,16559.6,92
1704247200,16559.6,16560.72,16558.84,16560.34,149
1704247260,16560.34,16560.86,16559.23,16559.61,114
1704247320,16559.61,16559.61,16558.48,16559.35,103
1704247380,16559.35,16561.61,16559.35,16561.34,167
1704247440,16561.34,16562.61,16561.22,16562.1,121
1704247500,16562.1,16562.36,16561.34,16561.73,66
1704247560,16561.73,16562.61,16561.23,16561.73,174
1704247620,16561.73,16562.97,16561.72,16562.6,128
1704247680,16562.6,16562.61,16560.84,16561.34,249
1704247740,16561.34,16561.49,16559.73,16559.73,152
1704247800,16559.73,16559.86,16559.09,16559.23,78
1704247860,16559.23,16560.85,16559.22,16559.85,128
1704247920,16559.85,16560.11,16559.35,16559.97,94
1704247980,16559.97,16560.72,16559.59,16559.84,76
1704248040,16559.84,16560.23,16559.48,16560.09,101
1704248100,16560.09,16560.1,16558.47,16558.84,84
1704248160,16558.84,16559.11,16557.35,16557.35,77
1704248220,16557.35,16557.35,16555.99,16556.35,117
1704248280,16556.35,16556.36,16554.72,16555.74,94
1704248340,16555.74,16555.74,16554.47,16554.49,79
1704248400,16554.49,16555.11,16552.72,16553.09,140
1704248460,16553.09,16553.61,16551.97,16553.36,228
1704248520,16553.36,16554.74,16552.84,16553.59,112
1704248580,16553.59,16553.73,16552.47,16552.74,48
1704248640,16552.74,16552.84,16551.85,16552.24,66
1704248700,16552.24,16552.73,16551.09,16551.6,97
1704248760,16551.6,16551.6,16548.22,16548.74,214
1704248820,16548.74,16549.61,16547.99,16549.1,184
1704248880,16549.1,16549.84,16548.61,16549.1,104
1704248940,16549.1,16550.48,16548.97,16549.85,117
1704249000,16549.85,16552.22,16549.6,16551.84,151
1704249060,16551.84,16552.98,16551.47,16552.84,130
1704249120,16552.84,16552.84,16551.72,16552.1,83
1704249180,16552.1,16552.22,16549.49,16549.61,126
1704249240,16549.61,16551.98,16549.36,16550.72,136
1704249300,16550.72,16551.36,16550.61,16550.61,100
1704249360,16550.61,16552.36,16550.1,16552.1,102
1704249420,16552.1,16554.22,16551.72,16554.11,122
1704249480,16554.11,16554.11,16552.84,16553.11,88
1704249540,16553.11,16553.36,16552.34,16552.34,67
1704249600,16552.34,16552.74,16552.09,16552.61,105
1704249660,16552.61,16554.09,16552.34,16553.23,69
1704249720,16553.23,16553.23,16552.34,16552.97,92
1704249780,16552.97,16553.6,16552.73,16553.09,72
1704249840,16553.09,16553.86,16552.35,16553.49,83
1704249900,16553.49,16553.86,16552.35,16552.6,55
1704249960,16552.6,16552.85,16552.09,16552.49,61
1704250020,16552.49,16552.74,16551.86,16552.23,45
1704250080,16552.23,16552.48,16550.11,16551.36,113
1704250140,16551.36,16553.36,16551.1,16552.59,101
1704250200,16552.59,16552.61,16551.22,16552.49,62
1704250260,16552.49,16552.99,16551.85,16552.34,95
1704250320,16552.34,16554.98,16552.34,16554.34,135
1704250380,16554.34,16554.48,16553.24,16553.35,78
1704250440,16553.35,16553.35,16551.24,16551.35,130
1704250500,16551.35,16551.74,16549.23,16549.23,79
1704250560,16549.23,16550.11,16548.47,16549.85,118
1704250620,16549.85,16551.6,16549.23,16551.34,158
1704250680,16551.34,16551.99,16550.59,16551.59,144
1704250740,16551.59,16552.49,16550.72,16551.09,205
1704250800,16551.09,16552.98,16550.73,16551.97,112
1704250860,16551.97,16553.84,16551.85,16553.48,113
1704250920,16553.48,16554.24,16552.73,16553.86,109
1704250980,16553.86,16554.24,16552.74,16554.24,102
1704251040,16554.24,16554.47,16553.47,16554.22,90
1704251100,16554.22,16555.47,16554.22,16555.34,83
1704251160,16555.34,16556.11,16554.97,16555.11,139
1704251220,16555.11,16555.34,16553.97,16554.72,126
1704251280,16554.72,16555.98,16554.48,16555.11,96
1704251340,16555.11,16557.24,16555.09,16555.98,119
1704251400,16555.98,16557.23,16555.6,16556.61,100
1704251460,16556.61,16557.24,16556.34,16556.85,95
1704251520,16556.85,16557.11,16555.47,16555.6,50
1704251580,16555.6,16555.98,16553.99,16554.36,95
1704251640,16554.36,16555.11,16553.47,16553.6,115
1704251700,16553.6,16554.49,16553.6,16554.35,96
1704251760,16554.35,16554.35,16552.36,16552.48,72
1704251820,16552.48,16552.61,16550.1,16550.86,147
1704251880,16550.86,16550.99,16549.59,16550.11,115
1704251940,16550.11,16551.61,16549.86,16551.24,91
1704252000,16551.24,16551.99,16550.97,16551.22,140
1704252060,16551.22,16551.74,16550.47,16551.24,102
1704252120,16551.24,16551.74,16550.47,16551.48,100
1704252180,16551.48,16551.99,16550.61,16551.98,102
1704252240,16551.98,16551.99,16549.98,16550.86,100
1704252300,16550.86,16551.24,16549.72,16550.59,132
1704252360,16550.59,16550.98,16549.74,16550.85,133
1704252420,16550.85,16551.1,16549.97,16550.59,66
1704252480,16550.59,16550.99,16549.73,16550.34,105
1704252540,16550.34,16551.35,16550.34,16550.6,92
1704252600,16550.6,16552.36,16550.24,16552.09,116
1704252660,16552.09,16553.47,16551.34,16553.36,121
1704252720,16553.36,16554.49,16553.34,16554.22,93
1704252780,16554.22,16556.35,16553.97,16555.99,117
1704252840,16555.99,16556.49,16555.84,16556.34,70
1704252900,16556.34,16556.48,16553.59,16553.86,109
1704252960,16553.86,16554.86,16553.73,16554.23,74
1704253020,16554.23,16554.23,16553.23,16553.48,66
1704253080,16553.48,16553.98,16553.22,16553.24,62
1704253140,16553.24,16553.73,16552.47,16553.73,93
1704253200,16553.73,16554.98,16552.85,16552.85,76
1704253260,16552.85,16553.49,16552.59,16552.61,81
1704253320,16552.61,16553.86,16552.22,16553.59,55
1704253380,16553.59,16554.24,16553.22,16553.84,75
1704253440,16553.84,16554.36,16553.59,16554.11,81
1704253500,16554.11,16554.11,16552.35,16553.22,127
1704253560,16553.22,16554.09,16552.97,16552.98,77
1704253620,16552.98,16554.23,16552.85,16553.1,58
1704253680,16553.1,16553.48,16552.59,16552.86,58
1704253740,16552.86,16553.36,16552.34,16552.49,95
1704253800,16552.49,16553.47,16552.34,16553.11,78
1704253860,16553.11,16553.73,16552.59,16553.59,66
1704253920,16553.59,16554.1,16553.35,16553.6,95
1704253980,16553.6,16553.86,16553.1,16553.72,63
1704254040,16553.72,16554.1,16551.72,16552.24,200
1704254100,16552.24,16553.23,16551.85,16552.35,135
1704254160,16552.35,16553.1,16552.09,16552.6,79
1704254220,16552.6,16553.49,16552.22,16552.61,60
1704254280,16552.61,16552.99,16552.09,16552.1,71
1704254340,16552.1,16552.61,16551.49,16551.49,92
1704254400,16551.49,16552.61,16550.86,16551.85,77
1704254460,16551.85,16551.85,16550.98,16551.34,56
1704254520,16551.34,16551.35,16549.97,16550.09,74
1704254580,16550.09,16550.09,16549.35,16549.49,50
1704254640,16549.49,16550.23,16549.09,16549.61,76
1704254700,16549.61,16549.86,16548.73,16548.98,120
1704254760,16548.98,16549.35,16548.09,16548.73,113
1704254820,16548.73,16549.36,16548.47,16548.86,60
1704254880,16548.86,16549.11,16548.34,16548.34,61
1704254940,16548.34,16548.49,16547.73,16547.73,87
1704255000,16547.73,16547.98,16546.6,16547.74,74
1704255060,16547.74,16548.49,16547.22,16548.35,69
1704255120,16548.35,16548.99,16548.22,16548.34,54
1704255180,16548.34,16548.74,16547.98,16548.22,44
1704255240,16548.22,16548.49,16547.47,16547.73,58
1704255300,16547.73,16547.74,16547.22,16547.47,44
1704255360,16547.47,16548.61,16547.34,16548.47,77
1704255420,16548.47,16548.47,16547.49,16547.85,71
1704255480,16547.85,16548.48,16547.47,16548.36,58
1704255540,16548.36,16548.99,16547.85,16548.23,82
1704255600,16548.23,16548.74,16547.72,16547.84,30
1704255660,16547.84,16548.61,16547.84,16548.47,51
1704255720,16548.47,16550.74,16547.48,16549.85,119
1704255780,16549.85,16550.73,16549.72,16550.1,48
1704255840,16550.1,16550.74,16549.47,16549.98,35
1704255900,16549.98,16550.74,16549.72,16550.1,69
1704255960,16550.1,16550.24,16549.84,16549.99,31
1704256020,16549.99,16550.73,16549.73,16550.1,49
1704256080,16550.1,16550.1,16549.61,16549.86,28
1704256140,16549.86,16549.86,16548.97,16549.1,81
1704256200,16549.1,16549.23,16548.73,16548.97,43
1704256260,16548.97,16549.84,16548.97,16549.34,51
1704256320,16549.34,16549.74,16549.34,16549.35,21
1704256380,16549.35,16549.74,16548.84,16549.1,43
1704256440,16549.1,16549.74,16547.85,16548.35,63
1704256500,16548.35,16548.49,16545.97,16546.61,93
1704256560,16546.61,16547.1,16544.72,16544.98,83
1704256620,16544.98,16545.36,16544.34,16544.61,97
1704256680,16544.61,16545.74,16544.36,16545.09,63
1704256740,16545.09,16545.24,16544.47,16545.09,69
1704256800,16545.09,16545.24,16543.48,16543.86,166
1704256860,16543.86,16544.47,16543.61,16544.11,68
1704256920,16544.11,16544.24,16543.72,16544.09,24
1704256980,16544.09,16544.23,16542.84,16543.09,100
1704257040,16543.09,16544.6,16541.84,16544.48,98
1704257100,16544.48,16544.98,16543.98,16544.34,73
1704257160,16544.34,16544.73,16543.47,16543.97,86
1704257220,16543.97,16544.36,16542.97,16543.24,58
1704257280,16543.24,16543.99,16542.86,16543.86,51
1704257340,16543.86,16544.35,16543.47,16543.61,86
1704257400,16543.61,16544.34,16543.48,16543.86,56
1704257460,16543.86,16543.99,16541.98,16543.1,73
1704257520,16543.1,16543.59,16542.47,16542.98,62
1704257580,16542.98,16542.98,16541.99,16542.48,61
1704257640,16542.48,16542.48,16541.86,16541.86,44
1704257700,16541.86,16543.35,16541.47,16542.99,82
1704257760,16542.99,16543.86,16542.48,16542.48,66
1704257820,16542.48,16542.74,16541.49,16542.74,96
1704257880,16542.74,16543.09,16542.22,16542.35,170
1704257940,16542.35,16543.36,16542.35,16542.86,77
1704258000,16542.86,16543.24,16541.73,16541.84,185
1704258060,16541.84,16542.24,16541.72,16542.1,135
1704258120,16542.1,16542.36,16541.72,16541.86,99
1704258180,16541.86,16541.86,16537.1,16540.09,233
1704258240,16540.09,16540.97,16538.97,16540.1,147
1704258300,16540.1,16541.72,16539.73,16541.47,137
1704258360,16541.47,16542.61,16540.47,16540.61,124
1704258420,16540.61,16541.98,16540.61,16541.85,64
1704258480,16541.85,16541.99,16541.47,16541.47,54
1704258540,16541.47,16541.74,16540.84,16541.24,177
1704258600,16541.24,16543.73,16540.49,16543.35,154
1704258660,16543.35,16543.72,16542.35,16543.11,137
1704258720,16543.11,16543.22,16541.84,16542.22,134
1704258780,16542.22,16543.24,16542.22,16542.61,95
1704258840,16542.61,16543.47,16540.47,16543.35,161
1704258900,16543.35,16544.61,16542.48,16544.49,140
1704258960,16544.49,16545.24,16544.36,16544.84,80
1704259020,16544.84,16545.74,16544.09,16545.61,136
1704259080,16545.61,16546.86,16545.47,16546.36,96
1704259140,16546.36,16546.49,16544.22,16544.59,100
1704259200,16544.59,16544.98,16543.6,16543.85,100
1704259260,16543.85,16544.11,16542.72,16542.85,96
1704259320,16542.85,16542.97,16542.47,16542.84,104
1704259380,16542.84,16542.86,16541.84,16541.84,76
1704259440,16541.84,16542.11,16540.6,16541.35,75
1704259500,16541.35,16542.85,16541.23,16542.84,100
1704259560,16542.84,16543.99,16542.24,16543.34,71
1704259620,16543.34,16543.98,16542.84,16542.84,131
1704259680,16542.84,16543.85,16542.84,16543.11,68
1704259740,16543.11,16545.6,16543.09,16545.6,115
1704259800,16545.6,16548.48,16545.47,16547.84,237
1704259860,16547.84,16550.24,16547.84,16549.86,94
1704259920,16549.86,16551.99,16549.86,16550.97,149
1704259980,16550.97,16552.73,16550.97,16551.85,116
1704260040,16551.85,16552.36,16550.74,16552.34,85
1704260100,16552.34,16552.74,16550.22,16550.35,130
1704260160,16550.35,16550.86,16548.97,16549.47,102
1704260220,16549.47,16552.11,16549.47,16551.84,161
1704260280,16551.84,16552.11,16551.11,16551.72,103
1704260340,16551.72,16552.09,16549.86,16549.97,156
1704260400,16549.97,16550.59,16549.24,16550.24,115
1704260460,16550.24,16550.48,16549.49,16549.6,69
1704260520,16549.6,16550.22,16548.73,16549.73,85
1704260580,16549.73,16549.73,16548.48,16549.11,79
1704260640,16549.11,16549.24,16548.35,16548.74,123
1704260700,16548.74,16549.61,16547.59,16549.49,125
1704260760,16549.49,16550.1,16548.59,16548.61,134
1704260820,16548.61,16549.73,16548.49,16549.36,100
1704260880,16549.36,16551.99,16549.23,16551.59,94
1704260940,16551.59,16551.74,16550.72,16550.86,70
1704261000,16550.86,16551.61,16550.72,16550.84,78
1704261060,16550.84,16551.11,16549.85,16550.23,67
1704261120,16550.23,16550.99,16549.84,16550.59,95
1704261180,16550.59,16552.23,16550.59,16552.23,54
1704261240,16552.23,16552.61,16551.48,16552.6,105
1704261300,16552.6,16553.74,16552.09,16553.6,71
1704261360,16553.6,16553.74,16552.34,16552.74,112
1704261420,16552.74,16553.73,16552.6,16552.99,104
1704261480,16552.99,16553.61,16552.72,16553.22,107
1704261540,16553.22,16553.36,16552.23,16552.73,102
1704261600,16552.73,16554.23,16550.99,16551.86,234
1704261660,16551.86,16552.59,16550.85,16552.49,59
1704261720,16552.49,16552.98,16551.86,16552.59,59
1704261780,16552.59,16554.61,16552.59,16554.36,96
1704261840,16554.36,16554.36,16552.97,16553.23,136
1704261900,16553.23,16553.72,16552.73,16553.35,83
1704261960,16553.35,16553.36,16551.24,16551.24,47
1704262020,16551.24,16551.36,16550.47,16550.61,134
1704262080,16550.61,16550.85,16548.97,16549.74,145
1704262140,16549.74,16550.73,16548.72,16548.73,117
1704262200,16548.73,16550.24,16548.49,16548.99,137
1704262260,16548.99,16550.1,16548.34,16549.84,99
1704262320,16549.84,16550.74,16549.34,16550.59,106
1704262380,16550.59,16552.74,16550.48,16552.48,102
1704262440,16552.48,16555.09,16552.34,16554.86,133
1704262500,16554.86,16555.99,16554.23,16554.61,164
1704262560,16554.61,16555.48,16553.99,16554.84,109
1704262620,16554.84,16555.09,16552.72,16553.6,130
1704262680,16553.6,16555.35,16553.59,16555.35,118
1704262740,16555.35,16555.49,16554.59,16554.86,101
1704262800,16554.86,16555.99,16553.6,16555.99,87
1704262860,16555.99,16556.49,16555.35,16556.09,149
1704262920,16556.09,16557.74,16556.09,16557.35,134
1704262980,16557.35,16557.35,16555.99,16556.36,101
1704263040,16556.36,16556.98,16556.36,16556.84,51
1704263100,16556.84,16557.74,16556.59,16557.48,131
1704263160,16557.48,16560.11,16557.09,16558.61,207
1704263220,16558.61,16560.59,16558.61,16559.86,144
1704263280,16559.86,16561.24,16559.73,16560.97,92
1704263340,16560.97,16561.74,16560.22,16561.47,178
1704263400,16561.47,16561.72,16560.34,16560.34,135
1704263460,16560.34,16561.36,16560.09,16561.1,120
1704263520,16561.1,16561.11,16560.22,16560.59,88
1704263580,16560.59,16561.24,16559.97,16560.35,95
1704263640,16560.35,16560.6,16559.47,16560.09,72
1704263700,16560.09,16560.86,16559.72,16560.35,102
1704263760,16560.35,16560.36,16558.36,16558.97,76
1704263820,16558.97,16559.49,16558.47,16558.6,50
1704263880,16558.6,16560.6,16558.23,16560.24,115
1704263940,16560.24,16561.1,16560.22,16560.97,105
1704264000,16560.97,16560.99,16560.34,16560.48,139
1704264060,16560.48,16563.11,16560.48,16563.1,101
1704264120,16563.1,16563.72,16561.84,16562.11,94
1704264180,16562.11,16563.86,16562.09,16563.1,74
1704264240,16563.1,16563.49,16562.98,16562.98,46
1704264300,16562.98,16564.74,16562.98,16564.6,112
1704264360,16564.6,16564.98,16563.09,16563.34,66
1704264420,16563.34,16563.73,16561.34,16561.84,96
1704264480,16561.84,16562.36,16561.61,16562.11,60
1704264540,16562.11,16563.36,16561.84,16563.23,84
1704264600,16563.23,16564.36,16563.23,16563.86,69
1704264660,16563.86,16563.86,16562.47,16563.34,138
1704264720,16563.34,16563.74,16562.59,16563.11,69
1704264780,16563.11,16563.49,16561.47,16561.73,90
1704264840,16561.73,16562.1,16561.22,16561.35,77
1704264900,16561.35,16561.98,16560.47,16560.48,136
1704264960,16560.48,16560.86,16559.98,16560.11,102
1704265020,16560.11,16561.61,16559.86,16560.34,86
1704265080,16560.34,16560.74,16559.47,16559.97,88
1704265140,16559.97,16560.22,16559.09,16559.74,84
1704265200,16559.74,16561.74,16558.73,16560.98,275
1704265260,16560.98,16561.48,16557.1,16557.11,129
1704265320,16557.11,16559.49,16557.11,16558.84,120
1704265380,16558.84,16558.85,16556.59,16557.09,140
1704265440,16557.09,16557.97,16554.23,16555.09,138
1704265500,16555.09,16556.73,16554.59,16554.86,145
1704265560,16554.86,16554.86,16550.86,16552.86,196
1704265620,16552.86,16556.24,16552.35,16556.11,132
1704265680,16556.11,16557.86,16555.09,16555.86,181
1704265740,16555.86,16558.73,16555.59,16557.61,193
1704265800,16557.61,16559.49,16557.34,16559.09,76
1704265860,16559.09,16559.74,16557.85,16558.85,122
1704265920,16558.85,16559.36,16556.09,16557.6,186
1704265980,16557.6,16557.61,16556.59,16557.35,114
1704266040,16557.35,16557.35,16554.72,16554.86,156
1704266100,16554.86,16556.36,16554.09,16554.59,163
1704266160,16554.59,16555.36,16552.98,16554.36,246
1704266220,16554.36,16554.85,16552.59,16553.34,164
1704266280,16553.34,16556.22,16552.97,16555.11,127
1704266340,16555.11,16555.11,16549.84,16551.11,226
1704266400,16551.11,16553.84,16551.1,16553.59,141
1704266460,16553.59,16555.34,16553.09,16554.84,227
1704266520,16554.84,16556.36,16552.36,16553.86,148
1704266580,16553.86,16556.74,16553.84,16555.98,145
1704266640,16555.98,16558.85,16555.84,16558.34,177
1704266700,16558.34,16559.6,16557.84,16559.6,151
1704266760,16559.6,16559.61,16557.23,16557.35,144
1704266820,16557.35,16558.86,16556.59,16556.85,162
1704266880,16556.85,16558.22,16556.72,16557.98,143
1704266940,16557.98,16559.98,16557.86,16558.6,160
1704267000,16558.6,16559.99,16556.49,16556.74,272
1704267060,16556.74,16557.11,16554.47,16554.59,205
1704267120,16554.59,16555.85,16551.97,16552.35,168
1704267180,16552.35,16553.98,16552.34,16553.34,174
1704267240,16553.34,16557.59,16553.34,16557.35,141
1704267300,16557.35,16557.99,16556.47,16557.11,199
1704267360,16557.11,16559.6,16557.11,16558.6,135
1704267420,16558.6,16559.36,16557.35,16557.35,175
1704267480,16557.35,16557.61,16554.59,16554.85,131
1704267540,16554.85,16556.36,16554.72,16555.72,165
1704267600,16555.72,16556.85,16555.6,16556.1,98
1704267660,16556.1,16556.61,16555.34,16556.36,95
1704267720,16556.36,16558.11,16556.1,16558.09,135
1704267780,16558.09,16558.73,16556.84,16556.84,94
1704267840,16556.84,16557.74,16555.98,16557.09,96
1704267900,16557.09,16558.35,16556.85,16557.98,139
1704267960,16557.98,16557.99,16556.98,16557.6,106
1704268020,16557.6,16558.61,16557.22,16558.36,139
1704268080,16558.36,16559.72,16558.09,16558.24,156
1704268140,16558.24,16558.74,16556.59,16557.59,177
1704268200,16557.59,16557.74,16556.59,16557.6,100
1704268260,16557.6,16558.6,16556.86,16558.1,80
1704268320,16558.1,16558.98,16557.22,16558.59,105
1704268380,16558.59,16559.24,16558.24,16559.11,95
1704268440,16559.11,16560.48,16558.86,16559.24,103
1704268500,16559.24,16560.24,16558.97,16559.99,153
1704268560,16559.99,16560.99,16559.23,16560.85,135
1704268620,16560.85,16561.48,16559.99,16560.35,206
1704268680,16560.35,16561.6,16559.86,16560.1,195
1704268740,16560.1,16560.35,16557.23,16558.1,378
1704268800,16558.1,16562.73,16557.59,16561.48,767
1704268860,16561.48,16563.97,16558.22,16559.36,526
1704268920,16559.36,16561.86,16555.59,16556.84,493
1704268980,16556.84,16561.6,16556.59,16559.72,566
1704269040,16559.72,16561.85,16557.59,16558.09,425
1704269100,16558.09,16561.36,16557.22,16561.1,400
1704269160,16561.1,16561.74,16560.09,16560.6,373
1704269220,16560.6,16561.72,16559.74,16559.85,340
1704269280,16559.85,16564.35,16559.85,16561.6,347
1704269340,16561.6,16565.09,16561.36,16564.97,330
1704269400,16564.97,16565.86,16562.84,16564.49,390
1704269460,16564.49,16573.74,16564.49,16571.86,439
1704269520,16571.86,16574.98,16571.84,16573.22,302
1704269580,16573.22,16574.24,16571.36,16571.59,238
1704269640,16571.59,16571.74,16569.61,16570.61,335
1704269700,16570.61,16572.22,16568.72,16570.72,341
1704269760,16570.72,16572.86,16569.34,16570.72,353
1704269820,16570.72,16572.36,16570.35,16571.23,323
1704269880,16571.23,16572.61,16570.6,16571.98,356
1704269940,16571.98,16573.6,16570.98,16572.24,329
1704270000,16572.24,16577.36,16572.09,16575.48,316
1704270060,16575.48,16575.6,16570.22,16570.86,370
1704270120,16570.86,16572.99,16570.34,16572.61,243
1704270180,16572.61,16573.11,16569.84,16570.24,418
1704270240,16570.24,16570.61,16567.99,16568.11,339
1704270300,16568.11,16571.22,16567.98,16568.6,403
1704270360,16568.6,16569.99,16564.09,16564.6,397
1704270420,16564.6,16565.36,16559.97,16560.36,535
1704270480,16560.36,16561.74,16556.59,16557.09,429
1704270540,16557.09,16559.11,16555.74,16557.6,479
1704270600,16557.6,16560.11,16555.85,16558.11,434
1704270660,16558.11,16560.84,16555.59,16560.34,372
1704270720,16560.34,16563.97,16560.34,16560.34,364
1704270780,16560.34,16560.34,16554.48,16556.22,388
1704270840,16556.22,16559.11,16553.35,16555.36,306
1704270900,16555.36,16557.97,16555.09,16557.36,330
1704270960,16557.36,16559.86,16555.84,16556.85,295
1704271020,16556.85,16557.73,16555.47,16556.36,289
1704271080,16556.36,16556.47,16553.47,16554.61,348
1704271140,16554.61,16554.61,16552.97,16553.59,200
1704271200,16553.59,16556.61,16550.97,16554.6,319
1704271260,16554.6,16554.97,16548.74,16549.6,392
1704271320,16549.6,16552.36,16546.72,16549.36,528
1704271380,16549.36,16549.61,16543.73,16544.59,370
1704271440,16544.59,16545.35,16537.99,16543.35,469
1704271500,16543.35,16546.72,16538.47,16540.61,454
1704271560,16540.61,16545.24,16540.61,16544.34,408
1704271620,16544.34,16545.84,16541.23,16542.36,412
1704271680,16542.36,16547.34,16541.73,16545.84,410
1704271740,16545.84,16546.49,16538.59,16539.97,447
1704271800,16539.97,16542.49,16534.22,16534.84,485
1704271860,16534.84,16534.84,16531.09,16531.97,379
1704271920,16531.97,16531.99,16527.59,16530.11,487
1704271980,16530.11,16535.49,16529.59,16533.34,300
1704272040,16533.34,16533.86,16525.22,16525.36,368
1704272100,16525.36,16530.09,16525.22,16526.61,389
1704272160,16526.61,16528.6,16524.22,16528.24,344
1704272220,16528.24,16528.24,16524.85,16525.49,378
1704272280,16525.49,16529.1,16523.35,16524.85,426
1704272340,16524.85,16524.86,16520.36,16522.1,430
1704272400,16522.1,16529.49,16522.1,16527.59,608
1704272460,16527.59,16530.74,16527.23,16528.86,408
1704272520,16528.86,16536.24,16528.86,16529.59,406
1704272580,16529.59,16531.61,16528.34,16529.59,278
1704272640,16529.59,16529.6,16523.34,16523.59,452
1704272700,16523.59,16525.85,16519.35,16519.6,438
1704272760,16519.6,16522.09,16515.22,16515.61,378
1704272820,16515.61,16516.49,16514.36,16515.36,463
1704272880,16515.36,16515.36,16509.86,16511.36,334
1704272940,16511.36,16512.86,16509.47,16512.86,376
1704273000,16512.86,16515.97,16512.23,16515.85,412
1704273060,16515.85,16519.61,16515.84,16518.61,382
1704273120,16518.61,16520.74,16517.36,16517.59,330
1704273180,16517.59,16518.48,16512.11,16514.35,409
1704273240,16514.35,16518.36,16513.84,16514.72,538
1704273300,16514.72,16515.99,16512.59,16513.09,419
1704273360,16513.09,16516.85,16513.09,16515.34,426
1704273420,16515.34,16517.1,16511.72,16511.97,449
1704273480,16511.97,16514.23,16508.48,16512.35,411
1704273540,16512.35,16516.34,16512.35,16515.72,459
1704273600,16515.72,16518.34,16513.85,16516.34,364
1704273660,16516.34,16521.84,16516.34,16521.48,408
1704273720,16521.48,16522.11,16519.1,16520.11,433
1704273780,16520.11,16525.61,16520.11,16525.49,375
1704273840,16525.49,16526.36,16521.35,16524.22,429
1704273900,16524.22,16526.73,16524.1,16526.22,396
1704273960,16526.22,16527.74,16524.22,16524.85,293
1704274020,16524.85,16524.85,16520.84,16521.74,387
1704274080,16521.74,16522.99,16520.36,16522.1,251
1704274140,16522.1,16522.85,16520.98,16522.35,207
1704274200,16522.35,16523.59,16517.84,16518.6,312
1704274260,16518.6,16520.09,16514.72,16519.86,359
1704274320,16519.86,16521.86,16517.09,16517.98,250
1704274380,16517.98,16518.72,16516.84,16518.61,283
1704274440,16518.61,16519.34,16516.84,16518.72,239
1704274500,16518.72,16522.49,16518.59,16522.09,273
1704274560,16522.09,16522.84,16519.34,16519.6,301
1704274620,16519.6,16521.48,16518.59,16518.86,261
1704274680,16518.86,16521.49,16518.59,16521.22,280
1704274740,16521.22,16522.23,16518.24,16518.49,346
1704274800,16518.49,16518.73,16512.97,16513.11,324
1704274860,16513.11,16514.36,16510.47,16510.59,363
1704274920,16510.59,16510.86,16504.48,16504.73,445
1704274980,16504.73,16507.73,16504.36,16506.6,334
1704275040,16506.6,16509.48,16502.73,16502.84,323
1704275100,16502.84,16503.85,16499.56,16501.23,528
1704275160,16501.23,16501.34,16497.47,16499.85,409
1704275220,16499.85,16501.74,16498.35,16499.61,255
1704275280,16499.61,16500.09,16495.47,16495.97,222
1704275340,16495.97,16496.22,16491.84,16495.6,376
1704275400,16495.6,16496.09,16492.72,16495.09,373
1704275460,16495.09,16496.74,16494.23,16495.34,347
1704275520,16495.34,16495.34,16489.48,16490.11,330
1704275580,16490.11,16494.47,16489.84,16491.84,242
1704275640,16491.84,16495.36,16491.49,16494.24,333
1704275700,16494.24,16495.85,16491.59,16492.72,347
1704275760,16492.72,16495.11,16492.47,16493.1,229
1704275820,16493.1,16494.24,16491.59,16492.84,212
1704275880,16492.84,16494.48,16492.36,16493.34,277
1704275940,16493.34,16494.23,16490.61,16490.85,282
1704276000,16490.85,16490.99,16484.85,16487.48,556
1704276060,16487.48,16488.73,16485.85,16487.97,377
1704276120,16487.97,16494.85,16487.34,16493.35,397
1704276180,16493.35,16497.86,16492.1,16497.34,371
1704276240,16497.34,16498.34,16494.97,16498.09,389
1704276300,16498.09,16503.86,16497.84,16503.61,328
1704276360,16503.61,16503.74,16499.47,16500.6,327
1704276420,16500.6,16501.6,16498.23,16498.59,305
1704276480,16498.59,16499.11,16495.98,16496.86,302
1704276540,16496.86,16497.23,16494.6,16496.22,280
1704276600,16496.22,16497.11,16493.59,16496.85,288
1704276660,16496.85,16505.6,16496.85,16501.97,315
1704276720,16501.97,16505.73,16501.72,16504.86,368
1704276780,16504.86,16509.36,16503.22,16503.34,400
1704276840,16503.34,16508.35,16502.74,16508.35,401
1704276900,16508.35,16508.61,16503.59,16505.85,281
1704276960,16505.85,16506.23,16503.09,16503.36,387
1704277020,16503.36,16505.86,16502.22,16503.59,299
1704277080,16503.59,16503.61,16499.98,16501.11,303
1704277140,16501.11,16502.24,16499.23,16500.1,237
1704277200,16500.1,16506.49,16499.97,16504.61,348
1704277260,16504.61,16504.99,16500.84,16501.48,367
1704277320,16501.48,16502.84,16501.34,16501.74,242
1704277380,16501.74,16503.49,16497.47,16497.73,229
1704277440,16497.73,16497.86,16494.98,16496.85,233
1704277500,16496.85,16498.23,16494.34,16495.36,289
1704277560,16495.36,16501.36,16495.22,16500.61,374
1704277620,16500.61,16502.85,16499.61,16502.59,362
1704277680,16502.59,16502.85,16499.47,16501.35,246
1704277740,16501.35,16501.47,16499.59,16500.85,261
1704277800,16500.85,16503.47,16498.34,16502.59,277
1704277860,16502.59,16508.24,16502.24,16507.48,332
1704277920,16507.48,16508.36,16504.74,16507.85,294
1704277980,16507.85,16508.24,16506.34,16508.09,183
1704278040,16508.09,16513.61,16507.86,16513.59,355
1704278100,16513.59,16514.61,16511.59,16512.1,323
1704278160,16512.1,16512.61,16507.72,16507.86,363
1704278220,16507.86,16509.09,16505.36,16507.99,357
1704278280,16507.99,16510.85,16505.74,16509.85,314
1704278340,16509.85,16511.72,16508.6,16511.59,250
1704278400,16511.59,16517.09,16511.34,16516.84,271
1704278460,16516.84,16520.11,16516.09,16518.49,343
1704278520,16518.49,16518.86,16516.97,16518.1,253
1704278580,16518.1,16520.84,16517.72,16519.6,241
1704278640,16519.6,16522.11,16518.23,16518.86,250
1704278700,16518.86,16519.35,16516.09,16518.11,238
1704278760,16518.11,16518.11,16513.1,16513.72,244
1704278820,16513.72,16515.11,16512.34,16512.34,243
1704278880,16512.34,16512.73,16509.22,16511.6,305
1704278940,16511.6,16512.99,16507.22,16508.97,248
1704279000,16508.97,16511.72,16508.59,16511.72,212
1704279060,16511.72,16514.11,16511.22,16514.11,262
1704279120,16514.11,16516.24,16513.59,16515.1,248
1704279180,16515.1,16515.36,16511.22,16512.48,190
1704279240,16512.48,16512.86,16509.47,16509.85,173
1704279300,16509.85,16511.09,16504.61,16505.11,305
1704279360,16505.11,16506.61,16501.99,16502.61,330
1704279420,16502.61,16506.86,16502.6,16506.36,237
1704279480,16506.36,16509.36,16506.23,16508.61,156
1704279540,16508.61,16508.86,16504.59,16505.61,156
1704279600,16505.61,16509.98,16505.61,16509.61,262
1704279660,16509.61,16511.72,16509.23,16511.1,227
1704279720,16511.1,16511.99,16505.1,16506.35,257
1704279780,16506.35,16508.86,16506.09,16508.6,178
1704279840,16508.6,16508.6,16504.34,16504.35,282
1704279900,16504.35,16507.85,16503.34,16507.1,221
1704279960,16507.1,16509.85,16505.23,16505.61,287
1704280020,16505.61,16507.59,16503.34,16507.35,293
1704280080,16507.35,16508.49,16505.09,16507.73,261
1704280140,16507.73,16511.59,16507.59,16510.59,273
1704280200,16510.59,16513.99,16510.48,16511.35,286
1704280260,16511.35,16511.49,16506.35,16508.84,263
1704280320,16508.84,16510.35,16505.74,16506.35,225
1704280380,16506.35,16507.86,16504.72,16507.24,329
1704280440,16507.24,16508.49,16505.84,16506.98,195
1704280500,16506.98,16509.1,16506.23,16506.99,265
1704280560,16506.99,16506.99,16504.23,16506.35,225
1704280620,16506.35,16508.47,16505.59,16506.99,290
1704280680,16506.99,16507.49,16505.09,16505.73,255
1704280740,16505.73,16506.86,16505.35,16506.11,184
1704280800,16506.11,16508.35,16505.59,16506.36,249
1704280860,16506.36,16507.1,16505.36,16505.36,188
1704280920,16505.36,16505.6,16501.48,16503.09,293
1704280980,16503.09,16503.98,16500.85,16500.86,226
1704281040,16500.86,16503.72,16500.84,16501.86,202
1704281100,16501.86,16502.11,16498.97,16499.86,248
1704281160,16499.86,16502.23,16497.98,16498.61,260
1704281220,16498.61,16498.61,16497.1,16497.11,254
1704281280,16497.11,16497.24,16491.35,16492.11,290
1704281340,16492.11,16493.85,16490.98,16493.61,268
1704281400,16493.61,16493.61,16485.72,16485.85,347
1704281460,16485.85,16489.49,16484.23,16489.1,248
1704281520,16489.1,16491.6,16487.99,16491.36,241
1704281580,16491.36,16491.99,16487.84,16490.11,285
1704281640,16490.11,16491.99,16488.48,16488.59,206
1704281700,16488.59,16490.98,16487.49,16490.11,274
1704281760,16490.11,16491.84,16488.84,16489.09,212
1704281820,16489.09,16492.86,16487.22,16492.34,338
1704281880,16492.34,16492.34,16488.61,16489.59,237
1704281940,16489.59,16492.49,16489.59,16492.34,233
1704282000,16492.34,16493.59,16490.09,16490.86,261
1704282060,16490.86,16492.98,16489.59,16490.1,281
1704282120,16490.1,16494.74,16489.1,16494.74,275
1704282180,16494.74,16494.85,16492.49,16493.34,276
1704282240,16493.34,16493.36,16489.6,16491.86,247
1704282300,16491.86,16498.49,16491.6,16496.85,333
1704282360,16496.85,16498.97,16495.73,16498.11,285
1704282420,16498.11,16498.35,16495.59,16495.73,254
1704282480,16495.73,16496.36,16493.85,16495.1,164
1704282540,16495.1,16497.59,16494.97,16496.6,285
1704282600,16496.6,16496.97,16493.84,16494.48,209
1704282660,16494.48,16497.1,16493.74,16496.59,244
1704282720,16496.59,16496.72,16494.84,16496.09,152
1704282780,16496.09,16497.1,16493.6,16493.61,176
1704282840,16493.61,16494.59,16491.22,16493.86,277
1704282900,16493.86,16493.97,16489.97,16490.11,211
1704282960,16490.11,16494.35,16490.11,16494.35,283
1704283020,16494.35,16494.99,16491.23,16491.98,211
1704283080,16491.98,16498.85,16491.72,16497.1,293
1704283140,16497.1,16497.61,16495.84,16496.36,331
1704283200,16496.36,16497.36,16494.1,16494.86,333
1704283260,16494.86,16496.24,16492.73,16495.48,338
1704283320,16495.48,16496.23,16490.73,16491.11,365
1704283380,16491.11,16491.11,16486.98,16487.22,294
1704283440,16487.22,16489.11,16485.59,16486.84,332
1704283500,16486.84,16487.23,16481.11,16482.59,353
1704283560,16482.59,16482.59,16478.23,16481.74,442
1704283620,16481.74,16481.85,16478.1,16481.59,310
1704283680,16481.59,16487.24,16481.59,16485.35,344
1704283740,16485.35,16487.61,16484.98,16485.1,234
1704283800,16485.1,16485.11,16480.85,16482.11,379
1704283860,16482.11,16484.24,16481.84,16482.85,206
1704283920,16482.85,16483.86,16481.09,16482.09,275
1704283980,16482.09,16482.48,16478.48,16478.61,336
1704284040,16478.61,16480.74,16477.23,16477.85,330
1704284100,16477.85,16480.99,16476.97,16479.48,362
1704284160,16479.48,16482.86,16477.97,16482.36,400
1704284220,16482.36,16482.61,16476.85,16477.49,337
1704284280,16477.49,16478.59,16475.6,16476.86,263
1704284340,16476.86,16478.36,16474.49,16475.36,253
1704284400,16475.36,16476.09,16472.34,16475.85,308
1704284460,16475.85,16477.86,16469.99,16477.36,362
1704284520,16477.36,16477.86,16471.98,16472.09,385
1704284580,16472.09,16472.36,16462.1,16462.61,633
1704284640,16462.61,16466.84,16462.61,16463.85,294
1704284700,16463.85,16463.85,16460.35,16460.59,276
1704284760,16460.59,16462.49,16459.86,16461.36,298
1704284820,16461.36,16463.36,16460.97,16462.36,259
1704284880,16462.36,16466.22,16461.34,16465.34,366
1704284940,16465.34,16467.72,16464.35,16464.6,248
1704285000,16464.6,16465.11,16456.59,16457.85,313
1704285060,16457.85,16462.59,16457.49,16461.84,287
1704285120,16461.84,16462.36,16459.84,16461.84,317
1704285180,16461.84,16462.09,16459.72,16461.36,225
1704285240,16461.36,16463.72,16459.09,16459.35,267
1704285300,16459.35,16459.86,16454.59,16457.73,468
1704285360,16457.73,16461.59,16456.1,16456.61,301
1704285420,16456.61,16456.99,16455.11,16455.84,310
1704285480,16455.84,16456.36,16451.59,16453.86,329
1704285540,16453.86,16455.59,16451.09,16454.84,344
1704285600,16454.84,16457.73,16454.6,16456.6,323
1704285660,16456.6,16460.36,16456.59,16459.35,319
1704285720,16459.35,16460.23,16455.98,16457.59,329
1704285780,16457.59,16458.09,16454.84,16455.34,299
1704285840,16455.34,16456.6,16453.98,16455.11,291
1704285900,16455.11,16457.98,16454.09,16457.49,405
1704285960,16457.49,16460.61,16456.6,16458.6,319
1704286020,16458.6,16460.35,16457.34,16457.73,266
1704286080,16457.73,16460.23,16457.09,16459.86,220
1704286140,16459.86,16461.47,16458.84,16459.1,283
1704286200,16459.1,16462.1,16456.34,16461.86,264
1704286260,16461.86,16465.99,16461.35,16463.98,354
1704286320,16463.98,16465.86,16463.72,16465.36,351
1704286380,16465.36,16466.34,16462.84,16463.61,336
1704286440,16463.61,16463.61,16458.85,16459.34,262
1704286500,16459.34,16459.34,16454.97,16456.35,445
1704286560,16456.35,16457.84,16453.1,16453.85,333
1704286620,16453.85,16456.11,16452.84,16454.84,360
1704286680,16454.84,16455.97,16453.34,16454.86,298
1704286740,16454.86,16457.36,16454.86,16457.09,211
1704286800,16457.09,16457.35,16448.47,16449.86,434
1704286860,16449.86,16451.24,16446.85,16448.1,372
1704286920,16448.1,16454.36,16446.09,16453.85,440
1704286980,16453.85,16458.48,16452.59,16456.73,395
1704287040,16456.73,16457.72,16454.61,16454.61,230
1704287100,16454.61,16454.86,16451.34,16451.73,247
1704287160,16451.73,16454.97,16450.85,16453.59,304
1704287220,16453.59,16459.36,16452.59,16458.73,316
1704287280,16458.73,16458.98,16453.99,16455.86,304
1704287340,16455.86,16458.61,16454.24,16458.11,215
1704287400,16458.11,16461.11,16456.85,16460.97,322
1704287460,16460.97,16462.72,16459.59,16462.34,343
1704287520,16462.34,16462.6,16458.22,16458.36,350
1704287580,16458.36,16459.97,16457.59,16459.61,210
1704287640,16459.61,16463.09,16459.49,16461.59,284
1704287700,16461.59,16463.49,16460.72,16462.61,315
1704287760,16462.61,16469.22,16462.49,16469.1,380
1704287820,16469.1,16474.61,16469.09,16474.34,408
1704287880,16474.34,16477.34,16471.84,16476.85,350
1704287940,16476.85,16479.86,16475.47,16479.74,318
1704288000,16479.74,16481.98,16478.61,16481.47,334
1704288060,16481.47,16482.86,16479.11,16479.36,370
1704288120,16479.36,16479.49,16473.34,16477.59,404
1704288180,16477.59,16478.49,16474.73,16475.47,354
1704288240,16475.47,16479.35,16475.36,16478.34,261
1704288300,16478.34,16485.23,16477.6,16483.23,370
1704288360,16483.23,16487.6,16483.23,16487.47,402
1704288420,16487.47,16487.74,16486.35,16487.11,294
1704288480,16487.11,16487.86,16484.34,16484.99,385
1704288540,16484.99,16487.36,16483.11,16486.74,319
1704288600,16486.74,16486.84,16480.73,16483.35,513
1704288660,16483.35,16485.11,16482.34,16482.84,391
1704288720,16482.84,16485.23,16481.72,16482.86,316
1704288780,16482.86,16484.49,16479.34,16483.85,351
1704288840,16483.85,16485.61,16483.34,16484.1,306
1704288900,16484.1,16487.86,16483.1,16487.23,281
1704288960,16487.23,16489.74,16485.98,16489.11,255
1704289020,16489.11,16489.98,16487.97,16489.61,230
1704289080,16489.61,16490.99,16488.35,16490.6,262
1704289140,16490.6,16493.98,16490.6,16492.6,291
1704289200,16492.6,16493.24,16489.61,16490.36,325
1704289260,16490.36,16490.36,16487.59,16488.09,254
1704289320,16488.09,16491.61,16487.47,16490.84,334
1704289380,16490.84,16492.73,16490.11,16490.73,321
1704289440,16490.73,16490.73,16482.6,16484.6,465
1704289500,16484.6,16485.98,16478.81,16482.11,498
1704289560,16482.11,16482.74,16479.34,16481.34,378
1704289620,16481.34,16481.34,16477.22,16479.11,303
1704289680,16479.11,16481.84,16478.85,16481.11,302
1704289740,16481.11,16481.73,16478.97,16479.86,222
1704289800,16479.86,16485.36,16478.97,16485.09,276
1704289860,16485.09,16488.86,16484.1,16488.1,437
1704289920,16488.1,16488.23,16482.73,16485.1,373
1704289980,16485.1,16485.47,16479.34,16479.34,309
1704290040,16479.34,16481.99,16479.23,16480.85,193
1704290100,16480.85,16481.86,16479.1,16480.34,281
1704290160,16480.34,16482.74,16479.34,16482.35,327
1704290220,16482.35,16482.86,16474.47,16474.84,424
1704290280,16474.84,16477.99,16463.22,16467.72,680
1704290340,16467.72,16469.36,16462.98,16465.24,549
1704290400,16465.24,16472.36,16465.1,16471.59,467
1704290460,16471.59,16475.74,16471.35,16472.23,488
1704290520,16472.23,16472.84,16466.09,16467.47,466
1704290580,16467.47,16467.73,16460.22,16461.35,500
1704290640,16461.35,16463.1,16458.84,16461.36,429
1704290700,16461.36,16462.11,16455.97,16457.1,473
1704290760,16457.1,16459.86,16455.98,16458.59,400
1704290820,16458.59,16459.61,16457.09,16457.22,407
1704290880,16457.22,16458.49,16452.34,16457.86,611
1704290940,16457.86,16457.86,16453.72,16454.61,413
1704291000,16454.61,16454.85,16451.47,16451.6,364
1704291060,16451.6,16453.47,16449.36,16451.36,514
1704291120,16451.36,16453.86,16450.74,16452.1,418
1704291180,16452.1,16453.99,16439.73,16449.23,973
1704291240,16449.23,16449.98,16446.09,16448.86,511
1704291300,16448.86,16451.6,16446.74,16450.09,447
1704291360,16450.09,16451.73,16448.09,16449.61,337
1704291420,16449.61,16454.85,16449.34,16453.84,360
1704291480,16453.84,16464.48,16453.59,16461.86,797
1704291540,16461.86,16464.47,16460.72,16462.48,436
1704291600,16462.48,16477.49,16461.86,16475.36,666
1704291660,16475.36,16475.36,16456.49,16463.09,898
1704291720,16463.09,16463.24,16446.49,16455.85,809
1704291780,16455.85,16460.49,16455.34,16456.73,447
1704291840,16456.73,16458.1,16451.84,16451.84,462
1704291900,16451.84,16456.23,16449.11,16454.85,560
1704291960,16454.85,16458.48,16454.35,16454.6,353
1704292020,16454.6,16456.84,16450.47,16452.98,542
1704292080,16452.98,16458.74,16452.98,16455.36,556
1704292140,16455.36,16460.09,16453.47,16457.6,812
1704292200,16457.6,16470.0,16435.51,16466.74,6550
1704292260,16466.74,16469.14,16446.0,16466.01,6662
1704292320,16466.01,16469.39,16432.49,16441.38,5309
1704292380,16441.38,16449.51,16430.13,16448.63,3342
1704292440,16448.63,16472.25,16447.5,16459.74,4011
1704292500,16459.74,16479.76,16457.99,16478.88,3984
1704292560,16478.88,16481.14,16461.24,16466.12,3894
1704292620,16466.12,16467.01,16453.13,16458.76,3471
1704292680,16458.76,16469.51,16454.04,16461.75,3564
1704292740,16461.75,16469.62,16451.89,16461.49,3473
1704292800,16461.49,16471.89,16457.5,16464.01,2672
1704292860,16464.01,16482.24,16461.62,16479.62,2619
1704292920,16479.62,16483.89,16473.99,16477.25,2891
1704292980,16477.25,16483.01,16467.0,16483.01,2398
1704293040,16483.01,16490.62,16479.5,16481.74,1498
1704293100,16481.74,16483.74,16467.88,16470.26,2538
1704293160,16470.26,16481.0,16464.0,16476.24,2097
1704293220,16476.24,16481.75,16469.38,16476.5,2412
1704293280,16476.5,16490.64,16473.63,16489.99,3114
1704293340,16489.99,16489.99,16476.5,16477.87,2976
1704293400,16477.87,16481.01,16469.63,16475.75,2892
1704293460,16475.75,16490.26,16471.99,16486.01,3273
1704293520,16486.01,16486.76,16469.12,16482.26,3330
1704293580,16482.26,16485.14,16474.87,16476.01,2610
1704293640,16476.01,16476.26,16468.14,16474.25,2529
1704293700,16474.25,16477.76,16466.89,16467.87,2429
1704293760,16467.87,16470.37,16451.37,16455.01,3012
1704293820,16455.01,16456.5,16442.39,16451.76,2932
1704293880,16451.76,16461.0,16448.63,16459.64,1499
1704293940,16459.64,16468.12,16458.62,16461.99,832
1704294000,16461.99,16502.01,16446.29,16482.5,5239
1704294060,16482.5,16487.0,16449.74,16452.24,5183
1704294120,16452.24,16480.75,16451.87,16480.75,4015
1704294180,16480.75,16489.38,16472.49,16489.0,4866
1704294240,16489.0,16495.26,16480.63,16486.25,4237
1704294300,16486.25,16494.14,16484.88,16489.99,3864
1704294360,16489.99,16496.75,16477.12,16479.89,3696
1704294420,16479.89,16488.14,16464.62,16469.49,3750
1704294480,16469.49,16476.25,16464.62,16470.51,3263
1704294540,16470.51,16471.75,16455.13,16456.26,3251
1704294600,16456.26,16460.62,16438.12,16443.51,4023
1704294660,16443.51,16445.26,16431.13,16435.12,3584
1704294720,16435.12,16437.0,16420.5,16421.49,3708
1704294780,16421.49,16426.88,16419.0,16422.25,2895
1704294840,16422.25,16424.0,16417.38,16418.24,3012
1704294900,16418.24,16424.38,16415.88,16419.0,3160
1704294960,16419.0,16427.26,16417.62,16422.14,2622
1704295020,16422.14,16425.24,16413.37,16417.51,2285
1704295080,16417.51,16422.14,16410.88,16421.89,2161
1704295140,16421.89,16423.12,16418.14,16419.39,1846
1704295200,16419.39,16421.62,16411.88,16411.88,2174
1704295260,16411.88,16417.37,16405.99,16406.25,2332
1704295320,16406.25,16410.39,16405.24,16408.62,2100
1704295380,16408.62,16416.5,16408.62,16412.99,2162
1704295440,16412.99,16422.14,16410.62,16421.24,2027
1704295500,16421.24,16433.63,16413.24,16417.39,3318
1704295560,16417.39,16428.37,16416.74,16426.49,2632
1704295620,16426.49,16438.64,16426.01,16433.39,2924
1704295680,16433.39,16436.87,16426.87,16434.25,2533
1704295740,16434.25,16438.76,16427.62,16427.76,2224
1704295800,16427.76,16436.13,16427.49,16433.76,2304
1704295860,16433.76,16435.14,16428.89,16430.01,1986
1704295920,16430.01,16432.26,16415.12,16416.39,2503
1704295980,16416.39,16423.14,16414.14,16421.99,2310
1704296040,16421.99,16427.38,16417.87,16422.89,2260
1704296100,16422.89,16431.25,16420.74,16429.76,2068
1704296160,16429.76,16430.89,16421.12,16424.14,1839
1704296220,16424.14,16424.76,16402.38,16403.25,2927
1704296280,16403.25,16411.89,16401.39,16404.12,2812
1704296340,16404.12,16409.01,16392.39,16396.26,3401
1704296400,16396.26,16403.14,16392.62,16402.63,2419
1704296460,16402.63,16412.76,16402.49,16405.99,2426
1704296520,16405.99,16415.64,16405.24,16411.39,2120
1704296580,16411.39,16424.12,16410.75,16422.5,2208
1704296640,16422.5,16425.89,16416.63,16416.99,2235
1704296700,16416.99,16422.64,16410.12,16411.01,2021
1704296760,16411.01,16413.76,16405.62,16413.26,2410
1704296820,16413.26,16419.24,16410.76,16411.76,2526
1704296880,16411.76,16416.39,16408.62,16413.12,2026
1704296940,16413.12,16415.01,16408.99,16410.26,1772
1704297000,16410.26,16421.13,16408.62,16417.39,2133
1704297060,16417.39,16430.38,16417.24,16428.26,2520
1704297120,16428.26,16432.76,16424.87,16426.26,2009
1704297180,16426.26,16429.26,16419.63,16425.0,1999
1704297240,16425.0,16426.26,16421.37,16422.63,1916
1704297300,16422.63,16425.14,16416.12,16418.26,2051
1704297360,16418.26,16428.38,16418.12,16424.75,1679
1704297420,16424.75,16431.39,16421.24,16430.26,1814
1704297480,16430.26,16440.63,16428.88,16439.38,2384
1704297540,16439.38,16446.75,16436.87,16443.75,2428
1704297600,16443.75,16462.14,16443.24,16460.5,3752
1704297660,16460.5,16460.51,16448.99,16458.0,2981
1704297720,16458.0,16466.39,16456.26,16461.5,2760
1704297780,16461.5,16464.14,16455.13,16456.75,2576
1704297840,16456.75,16462.37,16451.0,16456.0,3013
1704297900,16456.0,16460.14,16452.39,16452.76,1967
1704297960,16452.76,16458.76,16450.37,16453.0,2052
1704298020,16453.0,16453.14,16442.12,16444.5,2203
1704298080,16444.5,16449.88,16441.14,16447.5,2181
1704298140,16447.5,16451.14,16442.37,16446.26,1824
1704298200,16446.26,16452.76,16439.88,16442.76,2128
1704298260,16442.76,16446.63,16438.64,16445.26,1889
1704298320,16445.26,16449.37,16443.39,16446.62,1565
1704298380,16446.62,16457.62,16446.14,16449.5,2100
1704298440,16449.5,16450.76,16443.87,16444.26,1774
1704298500,16444.26,16455.37,16439.99,16452.37,2245
1704298560,16452.37,16456.37,16445.25,16445.51,2250
1704298620,16445.51,16451.0,16442.37,16443.38,2029
1704298680,16443.38,16445.64,16436.38,16439.14,1897
1704298740,16439.14,16442.5,16436.63,16440.39,1727
1704298800,16440.39,16448.26,16439.88,16442.75,1900
1704298860,16442.75,16446.38,16438.24,16439.74,1734
1704298920,16439.74,16444.24,16433.87,16434.01,1635
1704298980,16434.01,16443.51,16433.99,16441.0,1395
1704299040,16441.0,16441.0,16433.62,16436.74,1406
1704299100,16436.74,16439.88,16432.63,16437.51,1427
1704299160,16437.51,16451.74,16434.01,16447.37,1985
1704299220,16447.37,16451.62,16433.89,16435.25,2288
1704299280,16435.25,16438.38,16432.29,16435.37,1751
1704299340,16435.37,16441.0,16433.12,16439.0,1683
1704299400,16439.0,16442.89,16436.62,16439.37,1908
1704299460,16439.37,16443.76,16435.87,16442.49,1673
1704299520,16442.49,16444.63,16435.37,16442.39,1871
1704299580,16442.39,16449.64,16442.24,16449.01,1946
1704299640,16449.01,16449.64,16435.87,16439.24,2018
1704299700,16439.24,16443.14,16434.88,16437.75,1983
1704299760,16437.75,16438.39,16430.64,16432.14,1786
1704299820,16432.14,16433.87,16427.63,16431.24,1776
1704299880,16431.24,16434.0,16428.62,16430.49,1470
1704299940,16430.49,16430.51,16419.0,16420.75,1730
1704300000,16420.75,16424.39,16410.62,16411.5,2315
1704300060,16411.5,16415.39,16408.12,16412.75,1983
1704300120,16412.75,16419.0,16409.62,16416.5,1626
1704300180,16416.5,16422.01,16411.39,16420.26,1774
1704300240,16420.26,16427.14,16418.37,16425.37,1872
1704300300,16425.37,16429.13,16423.88,16427.38,1699
1704300360,16427.38,16431.51,16423.62,16425.76,1586
1704300420,16425.76,16429.01,16422.99,16423.14,1358
1704300480,16423.14,16423.26,16418.62,16419.49,1535
1704300540,16419.49,16427.01,16419.24,16423.74,1325
1704300600,16423.74,16427.89,16421.24,16422.62,1508
1704300660,16422.62,16422.76,16415.99,16418.01,1431
1704300720,16418.01,16420.39,16414.74,16416.74,1350
1704300780,16416.74,16419.64,16414.31,16418.49,1208
1704300840,16418.49,16421.74,16416.99,16419.49,1119
1704300900,16419.49,16422.39,16415.37,16419.89,1176
1704300960,16419.89,16421.14,16416.89,16418.51,1096
1704301020,16418.51,16419.51,16410.38,16410.5,1184
1704301080,16410.5,16413.51,16406.87,16410.64,1277
1704301140,16410.64,16415.14,16408.0,16410.99,1124
1704301200,16410.99,16412.76,16403.49,16406.5,1358
1704301260,16406.5,16410.24,16403.62,16408.39,1252
1704301320,16408.39,16416.62,16408.0,16415.5,1450
1704301380,16415.5,16416.64,16409.74,16414.63,1089
1704301440,16414.63,16420.38,16410.87,16419.64,1256
1704301500,16419.64,16424.63,16418.75,16421.99,1466
1704301560,16421.99,16422.38,16416.12,16416.5,1158
1704301620,16416.5,16425.63,16416.25,16424.89,1003
1704301680,16424.89,16424.89,16411.14,16411.49,1345
1704301740,16411.49,16412.01,16405.06,16408.14,1123
1704301800,16408.14,16409.63,16404.87,16405.0,1346
1704301860,16405.0,16408.13,16404.12,16404.88,1200
1704301920,16404.88,16407.62,16403.12,16406.12,931
1704301980,16406.12,16411.63,16402.99,16409.99,1201
1704302040,16409.99,16410.01,16400.54,16405.75,1239
1704302100,16405.75,16405.87,16400.37,16403.5,1055
1704302160,16403.5,16408.88,16399.37,16406.87,1146
1704302220,16406.87,16411.26,16402.37,16403.5,1131
1704302280,16403.5,16405.14,16398.37,16400.01,1079
1704302340,16400.01,16401.38,16397.99,16399.49,812
1704302400,16399.49,16402.76,16398.75,16400.14,827
1704302460,16400.14,16404.12,16399.62,16400.99,810
1704302520,16400.99,16403.89,16399.87,16402.99,875
1704302580,16402.99,16408.26,16399.62,16407.49,982
1704302640,16407.49,16410.37,16405.37,16409.24,1006
1704302700,16409.24,16414.39,16406.74,16412.01,985
1704302760,16412.01,16414.38,16408.62,16410.5,1071
1704302820,16410.5,16423.79,16409.62,16419.51,1254
1704302880,16419.51,16425.51,16418.99,16423.01,1202
1704302940,16423.01,16428.87,16419.24,16428.24,1101
1704303000,16428.24,16432.62,16424.25,16430.38,1248
1704303060,16430.38,16431.39,16421.62,16423.13,1131
1704303120,16423.13,16428.99,16421.74,16425.25,1057
1704303180,16425.25,16430.74,16424.88,16428.0,902
1704303240,16428.0,16433.39,16427.39,16428.26,1003
1704303300,16428.26,16436.13,16427.88,16432.74,1102
1704303360,16432.74,16434.63,16428.63,16429.0,927
1704303420,16429.0,16431.51,16427.24,16430.5,929
1704303480,16430.5,16431.76,16426.89,16427.26,836
1704303540,16427.26,16430.39,16425.88,16429.49,818
1704303600,16429.49,16435.39,16429.12,16434.5,985
1704303660,16434.5,16436.39,16430.87,16435.25,1086
1704303720,16435.25,16437.87,16432.62,16434.5,868
1704303780,16434.5,16435.37,16429.39,16430.5,826
1704303840,16430.5,16430.51,16422.62,16428.14,1042
1704303900,16428.14,16431.88,16427.76,16430.0,882
1704303960,16430.0,16431.89,16427.75,16431.26,739
1704304020,16431.26,16433.87,16430.14,16431.88,801
1704304080,16431.88,16431.88,16425.63,16427.26,983
1704304140,16427.26,16433.89,16426.38,16431.13,817
1704304200,16431.13,16432.49,16428.37,16430.12,763
1704304260,16430.12,16434.64,16428.87,16429.5,824
1704304320,16429.5,16433.01,16428.5,16432.39,756
1704304380,16432.39,16433.76,16428.88,16430.5,653
1704304440,16430.5,16432.76,16429.88,16431.49,555
1704304500,16431.49,16439.39,16430.24,16437.99,970
1704304560,16437.99,16440.13,16436.24,16437.75,864
1704304620,16437.75,16444.89,16436.38,16441.5,1232
1704304680,16441.5,16452.64,16441.14,16447.01,1500
1704304740,16447.01,16453.39,16446.63,16448.87,1093
1704304800,16448.87,16456.89,16447.88,16452.26,1244
1704304860,16452.26,16468.0,16451.63,16459.63,1968
1704304920,16459.63,16462.63,16453.37,16454.62,1431
1704304980,16454.62,16455.64,16445.38,16446.99,1372
1704305040,16446.99,16453.64,16446.62,16452.01,958
1704305100,16452.01,16453.01,16448.99,16448.99,912
1704305160,16448.99,16452.39,16446.63,16451.13,685
1704305220,16451.13,16454.76,16448.75,16450.51,773
1704305280,16450.51,16453.01,16446.64,16449.39,902
1704305340,16449.39,16450.01,16443.87,16446.76,795
1704305400,16446.76,16449.49,16443.87,16449.24,832
1704305460,16449.24,16455.89,16449.0,16455.38,912
1704305520,16455.38,16455.76,16444.99,16447.24,1027
1704305580,16447.24,16452.51,16445.87,16451.51,635
1704305640,16451.51,16451.89,16445.62,16446.87,795
1704305700,16446.87,16451.38,16445.37,16447.5,960
1704305760,16447.5,16450.99,16442.88,16444.01,994
1704305820,16444.01,16450.14,16444.01,16449.38,780
1704305880,16449.38,16449.38,16444.37,16446.89,823
1704305940,16446.89,16448.12,16442.63,16445.24,660
1704306000,16445.24,16445.39,16436.38,16438.99,1089
1704306060,16438.99,16440.39,16435.12,16437.39,839
1704306120,16437.39,16440.24,16435.49,16438.62,805
1704306180,16438.62,16440.51,16437.0,16437.25,740
1704306240,16437.25,16438.99,16435.62,16436.49,677
1704306300,16436.49,16440.74,16434.12,16439.5,731
1704306360,16439.5,16444.74,16434.62,16435.63,1004
1704306420,16435.63,16439.26,16434.12,16437.74,841
1704306480,16437.74,16438.76,16434.75,16435.24,853
1704306540,16435.24,16439.26,16433.24,16437.26,922
1704306600,16437.26,16441.26,16435.88,16436.74,932
1704306660,16436.74,16437.64,16431.37,16431.88,1036
1704306720,16431.88,16436.12,16429.63,16434.26,1023
1704306780,16434.26,16436.12,16431.63,16434.51,841
1704306840,16434.51,16435.26,16427.89,16429.14,755
1704306900,16429.14,16429.5,16419.5,16420.76,1434
1704306960,16420.76,16425.88,16420.74,16425.64,947
1704307020,16425.64,16431.39,16424.99,16430.14,991
1704307080,16430.14,16437.5,16428.75,16437.26,955
1704307140,16437.26,16438.39,16434.26,16437.25,790
1704307200,16437.25,16438.01,16434.14,16434.74,696
1704307260,16434.74,16437.64,16431.63,16435.49,763
1704307320,16435.49,16438.39,16433.62,16437.5,649
1704307380,16437.5,16437.89,16427.75,16429.12,980
1704307440,16429.12,16430.75,16425.63,16427.76,930
1704307500,16427.76,16432.64,16426.87,16429.64,841
1704307560,16429.64,16436.63,16429.51,16432.76,1100
1704307620,16432.76,16433.39,16426.12,16428.5,920
1704307680,16428.5,16430.51,16427.49,16429.13,852
1704307740,16429.13,16431.76,16428.88,16430.24,688
1704307800,16430.24,16436.01,16429.12,16435.89,736
1704307860,16435.89,16441.01,16433.12,16439.51,1069
1704307920,16439.51,16439.63,16427.74,16428.75,1186
1704307980,16428.75,16432.13,16426.51,16430.14,940
1704308040,16430.14,16430.64,16425.87,16426.26,776
1704308100,16426.26,16430.76,16424.12,16430.0,610
1704308160,16430.0,16430.0,16426.63,16426.99,374
1704308220,16426.99,16428.14,16424.62,16427.75,371
1704308280,16427.75,16432.14,16427.49,16432.14,407
1704308340,16432.14,16433.25,16430.37,16432.29,148
1704308400,16432.29,16451.88,16409.56,16426.62,3605
1704308460,16426.62,16437.62,16417.75,16428.24,4782
1704308520,16428.24,16431.49,16409.54,16415.25,3719
1704308580,16415.25,16427.63,16412.14,16417.51,3349
1704308640,16417.51,16420.12,16401.62,16402.01,2917
1704308700,16402.01,16408.76,16382.74,16384.76,4196
1704308760,16384.76,16411.51,16378.39,16408.51,3548
1704308820,16408.51,16429.89,16403.37,16426.76,3210
1704308880,16426.76,16429.14,16414.89,16420.62,2296
1704308940,16420.62,16428.62,16414.89,16422.99,2120
1704309000,16422.99,16434.89,16418.75,16433.24,2842
1704309060,16433.24,16439.88,16427.76,16432.5,2563
1704309120,16432.5,16433.25,16412.14,16421.51,2569
1704309180,16421.51,16422.25,16405.24,16406.49,2118
1704309240,16406.49,16411.12,16398.38,16406.24,2980
1704309300,16406.24,16407.75,16395.75,16399.5,2157
1704309360,16399.5,16416.01,16390.99,16415.24,3026
1704309420,16415.24,16420.39,16405.99,16407.74,2323
1704309480,16407.74,16420.12,16407.74,16419.26,2110
1704309540,16419.26,16426.38,16416.38,16419.24,2045
1704309600,16419.24,16421.13,16409.12,16413.76,2187
1704309660,16413.76,16414.49,16403.64,16411.74,1713
1704309720,16411.74,16419.38,16408.62,16419.01,1454
1704309780,16419.01,16420.24,16411.99,16413.5,1499
1704309840,16413.5,16425.12,16412.75,16423.87,1591
1704309900,16423.87,16440.25,16419.75,16439.51,2600
1704309960,16439.51,16458.74,16438.37,16458.24,3554
1704310020,16458.24,16467.37,16455.0,16463.49,3349
1704310080,16463.49,16476.63,16460.49,16469.76,3243
1704310140,16469.76,16471.76,16460.62,16466.63,2205
1704310200,16466.63,16477.14,16466.62,16473.74,2482
1704310260,16473.74,16474.64,16468.37,16471.51,1819
1704310320,16471.51,16472.5,16452.0,16452.25,2877
1704310380,16452.25,16455.0,16446.75,16451.39,2118
1704310440,16451.39,16460.64,16447.25,16458.5,1943
1704310500,16458.5,16459.99,16450.49,16452.74,1506
1704310560,16452.74,16452.74,16439.25,16445.25,1836
1704310620,16445.25,16454.25,16444.62,16453.26,1612
1704310680,16453.26,16457.89,16452.75,16455.51,1341
1704310740,16455.51,16457.51,16449.99,16452.26,1306
1704310800,16452.26,16457.01,16443.13,16449.25,1399
1704310860,16449.25,16455.87,16443.64,16454.24,1520
1704310920,16454.24,16465.38,16454.12,16464.37,1583
1704310980,16464.37,16471.5,16462.49,16471.39,1643
1704311040,16471.39,16476.37,16469.62,16471.0,1664
1704311100,16471.0,16475.74,16465.13,16465.13,1485
1704311160,16465.13,16465.51,16455.55,16458.51,1717
1704311220,16458.51,16463.76,16456.74,16463.24,1207
1704311280,16463.24,16469.76,16462.01,16463.75,1346
1704311340,16463.75,16463.75,16449.0,16449.51,1721
1704311400,16449.51,16451.63,16443.12,16445.25,1658
1704311460,16445.25,16454.12,16443.74,16450.5,1559
1704311520,16450.5,16452.64,16441.74,16444.64,1310
1704311580,16444.64,16451.38,16443.89,16449.0,1212
1704311640,16449.0,16449.0,16443.24,16447.74,1157
1704311700,16447.74,16448.5,16439.87,16444.49,1324
1704311760,16444.49,16451.64,16439.25,16446.37,1780
1704311820,16446.37,16448.64,16443.87,16446.0,1011
1704311880,16446.0,16446.74,16441.14,16443.74,997
1704311940,16443.74,16443.74,16436.76,16439.0,1322
1704312000,16439.0,16445.39,16437.39,16440.49,1498
1704312060,16440.49,16441.01,16422.62,16425.37,2505
1704312120,16425.37,16441.39,16424.75,16438.26,2128
1704312180,16438.26,16439.37,16427.87,16428.24,1629
1704312240,16428.24,16434.12,16425.37,16427.26,2003
1704312300,16427.26,16428.89,16421.88,16425.37,1604
1704312360,16425.37,16427.39,16419.14,16421.51,1563
1704312420,16421.51,16425.01,16412.14,16415.25,1856
1704312480,16415.25,16416.88,16403.62,16405.24,1993
1704312540,16405.24,16414.12,16403.88,16412.26,1333
1704312600,16412.26,16420.62,16411.01,16417.89,1521
1704312660,16417.89,16417.99,16413.63,16416.0,1310
1704312720,16416.0,16416.62,16409.04,16412.13,1401
1704312780,16412.13,16413.64,16405.62,16411.25,1200
1704312840,16411.25,16417.64,16410.64,16412.49,1111
1704312900,16412.49,16413.49,16406.49,16406.88,1220
1704312960,16406.88,16411.13,16406.88,16410.5,1125
1704313020,16410.5,16410.5,16398.63,16402.64,1213
1704313080,16402.64,16410.63,16401.01,16407.24,1342
1704313140,16407.24,16407.63,16403.62,16404.76,884
1704313200,16404.76,16408.63,16399.51,16401.01,1155
1704313260,16401.01,16405.13,16396.64,16404.51,1165
1704313320,16404.51,16413.63,16404.24,16412.75,1254
1704313380,16412.75,16416.5,16411.62,16413.5,1108
1704313440,16413.5,16414.01,16398.39,16400.12,1435
1704313500,16400.12,16401.89,16395.87,16397.37,1272
1704313560,16397.37,16401.88,16394.37,16399.26,1229
1704313620,16399.26,16399.64,16394.24,16396.75,951
1704313680,16396.75,16400.39,16395.26,16396.26,904
1704313740,16396.26,16406.88,16394.99,16406.74,1318
1704313800,16406.74,16412.76,16403.62,16412.01,1651
1704313860,16412.01,16418.13,16410.89,16417.99,1446
1704313920,16417.99,16424.39,16416.74,16424.25,1389
1704313980,16424.25,16425.63,16419.99,16420.76,1308
1704314040,16420.76,16428.14,16420.14,16423.76,1235
1704314100,16423.76,16427.26,16420.99,16421.76,1122
1704314160,16421.76,16425.14,16417.37,16419.74,1441
1704314220,16419.74,16422.0,16408.49,16412.63,1517
1704314280,16412.63,16415.37,16409.74,16415.0,1140
1704314340,16415.0,16422.0,16414.01,16417.99,1441
1704314400,16417.99,16423.64,16414.62,16420.49,1213
1704314460,16420.49,16422.14,16410.63,16410.99,1176
1704314520,16410.99,16411.89,16405.63,16407.26,1232
1704314580,16407.26,16410.01,16403.24,16403.38,1438
1704314640,16403.38,16405.26,16393.26,16394.51,1430
1704314700,16394.51,16400.25,16391.75,16396.5,1207
1704314760,16396.5,16398.76,16392.87,16395.5,946
1704314820,16395.5,16400.49,16389.74,16397.01,1196
1704314880,16397.01,16404.76,16397.01,16399.24,926
1704314940,16399.24,16400.24,16393.25,16393.26,763
1704315000,16393.26,16396.0,16371.88,16379.5,3468
1704315060,16379.5,16391.76,16378.49,16389.5,2215
1704315120,16389.5,16392.89,16383.63,16385.76,1586
1704315180,16385.76,16385.76,16373.0,16374.24,2064
1704315240,16374.24,16382.25,16370.75,16375.74,2665
1704315300,16375.74,16399.99,16375.74,16394.74,3179
1704315360,16394.74,16394.74,16387.5,16392.14,1619
1704315420,16392.14,16396.26,16385.51,16386.25,1639
1704315480,16386.25,16390.14,16385.62,16387.99,1566
1704315540,16387.99,16393.63,16381.37,16389.14,3997
1704315600,16389.14,16389.99,16377.84,16384.85,1519
1704315660,16384.85,16387.86,16382.74,16384.1,469
1704315720,16384.1,16384.36,16375.59,16379.98,476
1704315780,16379.98,16381.34,16378.97,16379.59,237
1704315840,16379.59,16382.34,16377.84,16381.73,255
1704315900,16381.73,16386.11,16380.73,16385.86,228
1704315960,16385.86,16385.99,16382.48,16382.59,186
1704316020,16382.59,16384.23,16381.74,16382.36,172
1704316080,16382.36,16385.11,16381.48,16381.59,185
1704316140,16381.59,16382.86,16380.84,16381.61,133
1704316200,16381.61,16384.35,16381.59,16384.24,192
1704316260,16384.24,16384.35,16382.6,16383.86,94
1704316320,16383.86,16385.11,16382.86,16384.84,144
1704316380,16384.84,16386.84,16382.72,16382.84,190
1704316440,16382.84,16385.99,16382.72,16385.61,202
1704316500,16385.61,16385.84,16381.97,16382.59,134
1704316560,16382.59,16382.85,16381.34,16381.36,97
1704316620,16381.36,16381.97,16380.34,16380.86,73
1704316680,16380.86,16382.11,16380.85,16381.59,78
1704316740,16381.59,16381.99,16380.74,16381.34,84
1704316800,16381.34,16381.99,16381.09,16381.34,94
1704316860,16381.34,16383.85,16381.34,16382.36,118
1704316920,16382.36,16382.74,16381.73,16382.73,57
1704316980,16382.73,16384.61,16382.23,16384.11,79
1704317040,16384.11,16384.35,16381.99,16382.35,86
1704317100,16382.35,16383.1,16381.84,16382.59,81
1704317160,16382.59,16383.74,16381.97,16383.35,78
1704317220,16383.35,16384.34,16382.84,16384.34,82
1704317280,16384.34,16385.74,16384.22,16384.85,68
1704317340,16384.85,16385.72,16384.09,16384.6,61
1704317400,16384.6,16384.86,16383.85,16384.34,56
1704317460,16384.34,16385.59,16383.98,16384.35,70
1704317520,16384.35,16384.49,16382.54,16382.85,60
1704317580,16382.85,16383.36,16382.47,16382.59,70
1704317640,16382.59,16384.97,16382.48,16383.97,56
1704317700,16383.97,16385.99,16383.47,16384.6,129
1704317760,16384.6,16384.6,16382.23,16383.6,103
1704317820,16383.6,16384.1,16382.74,16384.1,34
1704317880,16384.1,16384.98,16383.84,16384.48,57
1704317940,16384.48,16385.22,16384.23,16385.22,45
1704318000,16385.22,16385.6,16383.48,16383.99,65
1704318060,16383.99,16384.47,16383.59,16384.1,86
1704318120,16384.1,16384.84,16383.99,16384.36,62
1704318180,16384.36,16385.99,16384.35,16384.59,73
1704318240,16384.59,16387.36,16384.59,16387.34,105
1704318300,16387.34,16389.74,16386.35,16386.6,174
1704318360,16386.6,16388.47,16386.23,16387.49,116
1704318420,16387.49,16388.48,16385.97,16386.61,80
1704318480,16386.61,16387.99,16385.98,16387.34,70
1704318540,16387.34,16387.74,16386.59,16386.61,55
1704318600,16386.61,16387.49,16386.47,16387.36,111
1704318660,16387.36,16387.49,16386.74,16387.1,56
1704318720,16387.1,16387.99,16386.73,16387.84,55
1704318780,16387.84,16388.24,16387.22,16387.6,46
1704318840,16387.6,16387.74,16387.11,16387.36,69
1704318900,16387.36,16388.35,16387.1,16388.35,71
1704318960,16388.35,16388.35,16386.97,16387.72,48
1704319020,16387.72,16387.85,16386.85,16386.85,70
1704319080,16386.85,16387.72,16386.73,16387.35,103
1704319140,16387.35,16391.19,16387.23,16391.06,201
1704322800,16391.19,16412.61,16391.19,16411.61,592
1704322860,16411.61,16412.37,16409.6,16411.1,295
1704322920,16411.1,16414.99,16408.6,16408.97,194
1704322980,16408.97,16409.12,16404.47,16404.85,264
1704323040,16404.85,16408.49,16403.36,16406.49,249
1704323100,16406.49,16406.72,16404.36,16405.12,141
1704323160,16405.12,16405.6,16404.23,16404.49,90
1704323220,16404.49,16404.61,16402.6,16403.11,72
1704323280,16403.11,16404.37,16402.47,16403.22,84
1704323340,16403.22,16404.12,16402.97,16403.99,69
1704323400,16403.99,16404.24,16402.87,16402.98,36
1704323460,16402.98,16404.36,16402.47,16403.74,64
1704323520,16403.74,16403.97,16401.97,16402.23,54
1704323580,16402.23,16403.22,16402.23,16402.99,40
1704323640,16402.99,16403.49,16401.48,16401.73,42
1704323700,16401.73,16402.24,16399.86,16400.23,85
1704323760,16400.23,16401.98,16399.85,16400.35,112
1704323820,16400.35,16400.61,16399.6,16400.1,77
1704323880,16400.1,16400.23,16398.35,16399.85,102
1704323940,16399.85,16399.99,16398.85,16399.24,52
1704324000,16399.24,16400.24,16399.11,16400.11,95
1704324060,16400.11,16402.72,16400.1,16402.37,123
1704324120,16402.37,16403.74,16401.61,16402.99,62
1704324180,16402.99,16404.73,16402.35,16404.11,99
1704324240,16404.11,16405.23,16400.35,16401.23,103
1704324300,16401.23,16403.24,16401.23,16403.24,57
1704324360,16403.24,16403.49,16402.86,16403.12,42
1704324420,16403.12,16403.37,16402.48,16402.99,15
1704324480,16402.99,16402.99,16401.36,16402.1,61
1704324540,16402.1,16402.49,16400.62,16402.12,56
1704324600,16402.12,16402.49,16400.73,16401.1,59
1704324660,16401.1,16401.24,16399.85,16399.99,39
1704324720,16399.99,16401.12,16399.37,16400.97,48
1704324780,16400.97,16403.85,16400.97,16403.48,70
1704324840,16403.48,16403.62,16402.48,16402.97,62
1704324900,16402.97,16402.97,16399.86,16399.97,79
1704324960,16399.97,16401.74,16399.47,16400.98,58
1704325020,16400.98,16401.74,16400.48,16401.48,55
1704325080,16401.48,16401.61,16400.6,16401.22,21
1704325140,16401.22,16401.73,16400.97,16401.24,42
1704325200,16401.24,16401.87,16399.98,16400.24,68
1704325260,16400.24,16400.74,16399.99,16400.12,37
1704325320,16400.12,16400.24,16399.22,16399.61,30
1704325380,16399.61,16399.74,16398.35,16398.48,66
1704325440,16398.48,16399.49,16398.48,16399.47,51
1704325500,16399.47,16399.72,16397.6,16398.49,188
1704325560,16398.49,16400.23,16398.36,16398.72,140
1704325620,16398.72,16399.48,16397.62,16399.22,106
1704325680,16399.22,16399.99,16398.97,16399.86,65
1704325740,16399.86,16400.49,16399.72,16400.48,71
1704325800,16400.48,16401.99,16399.86,16400.22,140
1704325860,16400.22,16400.74,16399.97,16400.48,73
1704325920,16400.48,16400.99,16400.47,16400.49,67
1704325980,16400.49,16401.49,16400.12,16401.24,70
1704326040,16401.24,16402.36,16401.24,16401.72,73
1704326100,16401.72,16401.99,16401.47,16401.62,97
1704326160,16401.62,16401.99,16399.97,16400.73,92
1704326220,16400.73,16401.85,16400.73,16401.35,67
1704326280,16401.35,16401.61,16400.11,16400.48,55
1704326340,16400.48,16401.99,16400.11,16401.85,58
1704326400,16401.85,16401.85,16394.48,16394.72,685
1704326460,16394.72,16394.74,16391.72,16394.73,380
1704326520,16394.73,16394.86,16391.99,16393.49,242
1704326580,16393.49,16395.74,16393.12,16395.23,363
1704326640,16395.23,16395.49,16392.97,16392.97,263
1704326700,16392.97,16395.47,16392.97,16394.11,243
1704326760,16394.11,16394.11,16391.1,16391.49,183
1704326820,16391.49,16392.47,16390.97,16391.24,180
1704326880,16391.24,16391.62,16390.1,16391.23,138
1704326940,16391.23,16391.35,16388.47,16389.73,220
1704327000,16389.73,16390.49,16388.97,16390.22,237
1704327060,16390.22,16390.24,16386.72,16386.72,200
1704327120,16386.72,16388.62,16385.49,16387.37,235
1704327180,16387.37,16390.49,16386.73,16389.22,213
1704327240,16389.22,16391.87,16388.98,16391.47,173
1704327300,16391.47,16391.85,16389.47,16390.48,402
1704327360,16390.48,16391.99,16390.48,16391.73,211
1704327420,16391.73,16392.61,16390.36,16392.49,141
1704327480,16392.49,16393.74,16392.1,16392.47,123
1704327540,16392.47,16392.98,16391.98,16392.47,92
1704327600,16392.47,16394.74,16392.47,16394.36,178
1704327660,16394.36,16396.6,16393.86,16395.97,194
1704327720,16395.97,16400.97,16395.74,16400.97,190
1704327780,16400.97,16402.11,16400.11,16400.36,151
1704327840,16400.36,16403.48,16400.1,16402.61,200
1704327900,16402.61,16403.85,16402.23,16403.72,191
1704327960,16403.72,16405.74,16403.49,16405.22,180
1704328020,16405.22,16405.37,16403.97,16404.99,123
1704328080,16404.99,16406.49,16404.97,16405.97,117
1704328140,16405.97,16406.24,16404.22,16404.74,107
1704328200,16404.74,16405.99,16404.1,16405.24,178
1704328260,16405.24,16405.48,16403.22,16403.97,114
1704328320,16403.97,16404.73,16403.86,16404.49,93
1704328380,16404.49,16406.11,16404.36,16405.49,110
1704328440,16405.49,16405.87,16404.98,16405.47,85
1704328500,16405.47,16405.85,16404.72,16405.73,104
1704328560,16405.73,16407.24,16405.47,16406.98,96
1704328620,16406.98,16408.6,16406.24,16407.72,131
1704328680,16407.72,16407.72,16405.87,16407.23,120
1704328740,16407.23,16407.6,16406.22,16406.22,68
1704328800,16406.22,16407.35,16406.22,16407.22,72
1704328860,16407.22,16408.85,16407.22,16408.36,91
1704328920,16408.36,16408.97,16407.72,16408.74,113
1704328980,16408.74,16409.74,16408.22,16409.22,64
1704329040,16409.22,16410.12,16408.48,16409.47,92
1704329100,16409.47,16409.85,16408.47,16409.48,137
1704329160,16409.48,16410.11,16408.12,16409.85,99
1704329220,16409.85,16413.11,16409.47,16412.99,146
1704329280,16412.99,16415.24,16412.61,16414.48,144
1704329340,16414.48,16415.49,16413.72,16414.22,140
1704329400,16414.22,16414.49,16412.11,16412.47,154
1704329460,16412.47,16412.74,16410.72,16412.23,104
1704329520,16412.23,16412.99,16411.73,16412.23,91
1704329580,16412.23,16413.72,16411.74,16413.22,110
1704329640,16413.22,16413.87,16412.23,16412.35,113
1704329700,16412.35,16413.37,16411.73,16412.74,133
1704329760,16412.74,16413.24,16411.48,16411.48,116
1704329820,16411.48,16411.74,16409.37,16410.11,161
1704329880,16410.11,16411.37,16410.1,16411.24,85
1704329940,16411.24,16412.48,16411.24,16412.12,44
1704330000,16412.12,16412.99,16410.97,16412.24,130
1704330060,16412.24,16412.61,16410.22,16411.74,141
1704330120,16411.74,16411.98,16410.98,16411.73,52
1704330180,16411.73,16412.22,16410.74,16412.22,109
1704330240,16412.22,16412.47,16410.97,16411.99,114
1704330300,16411.99,16412.61,16411.61,16411.99,51
1704330360,16411.99,16412.24,16411.36,16411.85,96
1704330420,16411.85,16412.11,16410.37,16410.47,130
1704330480,16410.47,16411.6,16410.24,16411.1,99
1704330540,16411.1,16411.11,16408.85,16409.74,115
1704330600,16409.74,16411.49,16409.72,16411.11,121
1704330660,16411.11,16411.48,16407.6,16408.48,151
1704330720,16408.48,16409.99,16408.35,16409.72,67
1704330780,16409.72,16409.99,16408.97,16409.86,98
1704330840,16409.86,16411.61,16409.62,16411.61,60
1704330900,16411.61,16413.23,16410.62,16412.72,221
1704330960,16412.72,16412.72,16410.97,16411.98,155
1704331020,16411.98,16413.61,16411.11,16413.12,167
1704331080,16413.12,16415.11,16412.97,16414.49,181
1704331140,16414.49,16414.49,16411.86,16412.1,176
1704331200,16412.1,16412.87,16410.62,16410.99,152
1704331260,16410.99,16412.61,16410.37,16412.1,146
1704331320,16412.1,16413.47,16411.47,16412.49,106
1704331380,16412.49,16412.49,16409.85,16409.98,61
1704331440,16409.98,16410.23,16408.37,16408.49,50
1704331500,16408.49,16408.74,16406.35,16408.72,101
1704331560,16408.72,16409.11,16406.6,16406.72,87
1704331620,16406.72,16408.85,16406.72,16407.62,119
1704331680,16407.62,16407.87,16405.87,16407.73,97
1704331740,16407.73,16407.73,16406.72,16406.98,105
1704331800,16406.98,16407.85,16404.73,16406.97,308
1704331860,16406.97,16409.74,16405.72,16405.99,256
1704331920,16405.99,16406.36,16404.11,16404.73,176
1704331980,16404.73,16405.74,16404.35,16405.49,168
1704332040,16405.49,16406.24,16404.73,16404.73,132
1704332100,16404.73,16404.73,16401.61,16402.37,239
1704332160,16402.37,16404.99,16401.72,16403.73,236
1704332220,16403.73,16406.87,16403.73,16406.23,142
1704332280,16406.23,16406.48,16404.47,16404.74,149
1704332340,16404.74,16405.48,16404.47,16405.24,90
1704332400,16405.24,16407.37,16403.97,16407.35,113
1704332460,16407.35,16409.23,16406.85,16408.47,162
1704332520,16408.47,16408.62,16404.35,16404.35,136
1704332580,16404.35,16407.23,16404.35,16404.85,178
1704332640,16404.85,16406.37,16404.72,16405.99,117
1704332700,16405.99,16410.11,16405.98,16409.73,259
1704332760,16409.73,16410.11,16406.1,16406.72,198
1704332820,16406.72,16406.87,16404.35,16404.49,239
1704332880,16404.49,16405.48,16403.6,16403.97,178
1704332940,16403.97,16405.61,16403.97,16404.24,157
1704333000,16404.24,16404.86,16402.97,16404.22,128
1704333060,16404.22,16406.98,16403.61,16406.74,146
1704333120,16406.74,16408.62,16406.36,16408.24,112
1704333180,16408.24,16408.85,16407.35,16408.24,122
1704333240,16408.24,16409.49,16408.24,16408.99,156
1704333300,16408.99,16411.62,16408.6,16410.36,174
1704333360,16410.36,16411.48,16409.97,16410.22,119
1704333420,16410.22,16410.48,16407.62,16408.98,77
1704333480,16408.98,16408.98,16407.35,16407.47,89
1704333540,16407.47,16408.23,16405.85,16407.98,86
1704333600,16407.98,16408.74,16407.22,16407.98,91
1704333660,16407.98,16409.12,16407.49,16408.98,81
1704333720,16408.98,16409.37,16407.1,16407.23,95
1704333780,16407.23,16407.87,16405.97,16406.1,108
1704333840,16406.1,16406.49,16404.22,16404.99,92
1704333900,16404.99,16405.62,16404.74,16405.12,118
1704333960,16405.12,16405.24,16404.12,16404.74,120
1704334020,16404.74,16406.61,16404.11,16405.47,169
1704334080,16405.47,16406.62,16405.22,16406.48,100
1704334140,16406.48,16407.85,16406.48,16406.72,185
1704334200,16406.72,16407.73,16406.35,16406.35,158
1704334260,16406.35,16406.35,16404.6,16404.61,122
1704334320,16404.61,16405.24,16404.36,16405.22,150
1704334380,16405.22,16405.48,16403.73,16403.98,89
1704334440,16403.98,16405.62,16403.12,16405.24,76
1704334500,16405.24,16405.24,16401.35,16401.49,179
1704334560,16401.49,16402.97,16400.85,16401.98,94
1704334620,16401.98,16402.49,16401.47,16401.98,84
1704334680,16401.98,16403.12,16401.12,16401.98,100
1704334740,16401.98,16402.22,16400.6,16400.73,116
1704334800,16400.73,16400.99,16397.12,16397.23,130
1704334860,16397.23,16399.72,16397.1,16398.99,131
1704334920,16398.99,16398.99,16396.6,16396.73,134
1704334980,16396.73,16396.74,16395.1,16396.72,184
1704335040,16396.72,16397.97,16396.48,16397.48,148
1704335100,16397.48,16399.87,16397.47,16399.73,98
1704335160,16399.73,16401.37,16399.49,16400.98,94
1704335220,16400.98,16403.86,16400.22,16403.74,106
1704335280,16403.74,16404.86,16403.47,16403.97,63
1704335340,16403.97,16406.6,16403.61,16405.48,107
1704335400,16405.48,16405.48,16403.73,16404.36,99
1704335460,16404.36,16404.61,16403.47,16404.47,70
1704335520,16404.47,16404.74,16402.85,16402.85,74
1704335580,16402.85,16403.99,16402.36,16403.74,84
1704335640,16403.74,16404.49,16402.72,16403.49,54
1704335700,16403.49,16403.49,16402.72,16402.99,53
1704335760,16402.99,16404.74,16402.47,16404.24,74
1704335820,16404.24,16404.61,16402.72,16402.72,66
1704335880,16402.72,16402.72,16401.6,16401.73,50
1704335940,16401.73,16401.87,16400.62,16400.73,88
1704336000,16400.73,16401.49,16400.36,16401.37,37
1704336060,16401.37,16402.23,16400.85,16400.87,75
1704336120,16400.87,16402.12,16400.48,16400.98,69
1704336180,16400.98,16401.24,16400.49,16400.61,26
1704336240,16400.61,16400.87,16399.35,16400.49,105
1704336300,16400.49,16400.61,16398.99,16399.73,89
1704336360,16399.73,16400.97,16399.24,16400.74,73
1704336420,16400.74,16401.48,16400.47,16400.74,42
1704336480,16400.74,16401.74,16400.24,16401.49,49
1704336540,16401.49,16401.99,16400.99,16401.36,76
1704336600,16401.36,16401.97,16401.23,16401.49,47
1704336660,16401.49,16401.99,16401.35,16401.48,80
1704336720,16401.48,16403.12,16401.48,16402.98,36
1704336780,16402.98,16404.12,16402.72,16403.74,96
1704336840,16403.74,16405.24,16403.48,16405.24,52
1704336900,16405.24,16405.24,16403.97,16404.6,132
1704336960,16404.6,16404.74,16403.97,16404.49,75
1704337020,16404.49,16405.86,16404.49,16405.22,58
1704337080,16405.22,16405.22,16403.86,16403.97,72
1704337140,16403.97,16404.37,16403.6,16404.1,31
1704337200,16404.1,16405.62,16403.85,16405.47,85
1704337260,16405.47,16406.11,16404.47,16404.74,76
1704337320,16404.74,16405.37,16404.47,16404.49,46
1704337380,16404.49,16405.74,16404.47,16405.74,67
1704337440,16405.74,16405.99,16405.61,16405.74,22
1704337500,16405.74,16406.1,16405.22,16405.23,56
1704337560,16405.23,16406.35,16405.1,16406.22,51
1704337620,16406.22,16407.86,16405.36,16407.49,84
1704337680,16407.49,16408.49,16407.1,16407.99,100
1704337740,16407.99,16408.47,16407.47,16408.23,72
1704337800,16408.23,16409.24,16408.11,16409.1,92
1704337860,16409.1,16409.12,16407.47,16407.47,86
1704337920,16407.47,16407.48,16406.35,16407.23,58
1704337980,16407.23,16407.24,16406.1,16406.47,68
1704338040,16406.47,16406.86,16406.22,16406.74,65
1704338100,16406.74,16406.98,16406.22,16406.23,61
1704338160,16406.23,16406.87,16405.86,16406.72,73
1704338220,16406.72,16409.36,16406.6,16408.47,164
1704338280,16408.47,16409.62,16408.11,16408.74,96
1704338340,16408.74,16409.99,16408.62,16409.62,79
1704338400,16409.62,16409.62,16408.12,16408.49,122
1704338460,16408.49,16408.86,16407.87,16408.24,93
1704338520,16408.24,16408.24,16406.73,16406.74,103
1704338580,16406.74,16407.37,16406.6,16406.73,67
1704338640,16406.73,16407.12,16406.23,16406.47,65
1704338700,16406.47,16406.73,16405.35,16405.47,77
1704338760,16405.47,16405.98,16405.1,16405.23,46
1704338820,16405.23,16405.86,16403.35,16403.47,58
1704338880,16403.47,16404.36,16403.35,16403.98,46
1704338940,16403.98,16404.35,16403.1,16403.23,64
1704339000,16403.23,16403.62,16401.98,16402.24,152
1704339060,16402.24,16403.23,16401.97,16402.72,114
1704339120,16402.72,16402.87,16401.35,16402.24,101
1704339180,16402.24,16402.24,16401.35,16401.72,90
1704339240,16401.72,16402.87,16401.47,16402.49,126
1704339300,16402.49,16403.99,16402.22,16403.74,85
1704339360,16403.74,16404.12,16402.35,16402.48,70
1704339420,16402.48,16402.61,16401.74,16402.22,96
1704339480,16402.22,16405.23,16402.22,16405.23,68
1704339540,16405.23,16405.48,16403.85,16403.99,66
1704339600,16403.99,16404.12,16403.47,16403.74,111
1704339660,16403.74,16404.24,16402.35,16403.97,98
1704339720,16403.97,16404.36,16403.22,16403.73,59
1704339780,16403.73,16403.99,16403.48,16403.97,83
1704339840,16403.97,16404.12,16401.99,16401.99,58
1704339900,16401.99,16403.1,16401.87,16402.72,62
1704339960,16402.72,16404.6,16402.72,16403.99,104
1704340020,16403.99,16403.99,16402.97,16403.48,59
1704340080,16403.48,16403.85,16402.22,16402.23,83
1704340140,16402.23,16402.37,16401.23,16401.74,46
1704340200,16401.74,16402.61,16399.97,16400.73,95
1704340260,16400.73,16400.73,16398.97,16399.85,93
1704340320,16399.85,16400.49,16399.36,16399.37,77
1704340380,16399.37,16400.47,16399.1,16400.47,63
1704340440,16400.47,16400.98,16399.47,16400.48,77
1704340500,16400.48,16401.48,16399.98,16401.48,58
1704340560,16401.48,16401.73,16400.99,16401.23,55
1704340620,16401.23,16401.62,16400.61,16401.23,62
1704340680,16401.23,16401.62,16400.86,16401.47,39
1704340740,16401.47,16401.49,16400.85,16401.49,58
1704340800,16401.49,16402.61,16401.22,16402.35,86
1704340860,16402.35,16404.1,16401.73,16404.1,97
1704340920,16404.1,16404.97,16403.98,16404.72,54
1704340980,16404.72,16404.72,16403.99,16404.49,29
1704341040,16404.49,16405.74,16404.35,16405.48,65
1704341100,16405.48,16406.87,16405.48,16406.74,51
1704341160,16406.74,16407.11,16405.85,16405.99,73
1704341220,16405.99,16406.86,16405.86,16406.74,44
1704341280,16406.74,16406.99,16405.97,16406.6,86
1704341340,16406.6,16406.6,16404.85,16405.49,67
1704341400,16405.49,16406.62,16405.1,16406.1,73
1704341460,16406.1,16406.6,16405.22,16405.48,48
1704341520,16405.48,16405.72,16405.22,16405.72,45
1704341580,16405.72,16406.49,16405.72,16406.49,70
1704341640,16406.49,16406.49,16405.47,16405.74,60
1704341700,16405.74,16406.85,16405.74,16406.49,31
1704341760,16406.49,16406.62,16405.6,16406.22,39
1704341820,16406.22,16407.37,16405.87,16406.73,47
1704341880,16406.73,16407.49,16406.61,16406.85,69
1704341940,16406.85,16407.62,16406.74,16406.97,64
1704342000,16406.97,16406.97,16405.6,16405.61,56
1704342060,16405.61,16405.86,16403.49,16403.74,50
1704342120,16403.74,16404.74,16403.73,16404.72,26
1704342180,16404.72,16404.99,16404.22,16404.73,69
1704342240,16404.73,16405.12,16404.12,16404.97,73
1704342300,16404.97,16404.99,16404.47,16404.74,55
1704342360,16404.74,16405.47,16404.61,16405.22,45
1704342420,16405.22,16406.62,16405.22,16406.62,64
1704342480,16406.62,16406.87,16405.85,16405.85,48
1704342540,16405.85,16406.12,16404.86,16404.97,51
1704342600,16404.97,16405.24,16404.72,16404.99,53
1704342660,16404.99,16404.99,16403.74,16403.98,28
1704342720,16403.98,16403.98,16402.48,16402.72,83
1704342780,16402.72,16403.49,16402.6,16403.48,39
1704342840,16403.48,16403.87,16403.22,16403.36,26
1704342900,16403.36,16404.12,16403.1,16403.98,39
1704342960,16403.98,16404.23,16403.47,16403.74,22
1704343020,16403.74,16404.87,16403.49,16404.87,43
1704343080,16404.87,16404.99,16404.22,16404.23,62
1704343140,16404.23,16405.12,16403.62,16403.87,45
1704343200,16403.87,16403.99,16402.97,16402.97,87
1704343260,16402.97,16403.74,16402.86,16403.49,25
1704343320,16403.49,16403.49,16402.35,16402.48,34
1704343380,16402.48,16402.74,16401.97,16402.49,33
1704343440,16402.49,16402.99,16402.11,16402.23,46
1704343500,16402.23,16402.6,16401.85,16402.49,49
1704343560,16402.49,16402.49,16401.87,16402.47,39
1704343620,16402.47,16403.1,16402.23,16402.74,25
1704343680,16402.74,16402.74,16400.48,16400.48,33
1704343740,16400.48,16401.62,16400.37,16401.23,92
1704343800,16401.23,16401.37,16400.47,16401.11,66
1704343860,16401.11,16401.62,16401.1,16401.48,28
1704343920,16401.48,16402.85,16401.48,16401.74,41
1704343980,16401.74,16402.86,16401.74,16402.12,30
1704344040,16402.12,16402.85,16402.1,16402.61,57
1704344100,16402.61,16402.99,16401.97,16402.72,36
1704344160,16402.72,16402.99,16401.72,16401.73,31
1704344220,16401.73,16402.24,16401.23,16401.47,37
1704344280,16401.47,16401.85,16400.97,16400.99,45
1704344340,16400.99,16401.37,16400.1,16400.98,46
1704344400,16400.98,16401.73,16400.36,16400.99,118
1704344460,16400.99,16402.61,16400.86,16402.61,69
1704344520,16402.61,16404.61,16402.1,16403.6,172
1704344580,16403.6,16403.98,16402.6,16402.72,44
1704344640,16402.72,16404.36,16402.22,16402.97,76
1704344700,16402.97,16403.61,16400.87,16400.98,113
1704344760,16400.98,16402.12,16400.73,16401.97,65
1704344820,16401.97,16401.97,16400.85,16400.86,32
1704344880,16400.86,16401.24,16399.23,16401.24,106
1704344940,16401.24,16401.99,16400.97,16401.72,52
1704345000,16401.72,16401.74,16400.36,16400.49,37
1704345060,16400.49,16400.73,16400.1,16400.73,33
1704345120,16400.73,16400.73,16397.85,16397.99,53
1704345180,16397.99,16398.98,16396.74,16398.97,78
1704345240,16398.97,16399.24,16397.85,16398.47,80
1704345300,16398.47,16401.12,16398.47,16400.37,77
1704345360,16400.37,16400.47,16399.22,16399.73,106
1704345420,16399.73,16401.35,16399.47,16401.12,65
1704345480,16401.12,16401.22,16399.72,16399.72,37
1704345540,16399.72,16399.87,16398.49,16398.72,38
1704345600,16398.72,16399.36,16398.48,16399.22,63
1704345660,16399.22,16399.62,16398.72,16399.48,64
1704345720,16399.48,16399.73,16398.97,16399.48,73
1704345780,16399.48,16399.74,16398.85,16399.12,57
1704345840,16399.12,16400.11,16399.12,16399.48,48
1704345900,16399.48,16401.1,16399.22,16400.23,70
1704345960,16400.23,16401.86,16400.22,16401.22,74
1704346020,16401.22,16401.37,16399.48,16399.48,51
1704346080,16399.48,16399.62,16396.98,16397.22,89
1704346140,16397.22,16397.47,16396.6,16397.22,91
1704346200,16397.22,16398.49,16397.22,16397.99,111
1704346260,16397.99,16399.24,16397.87,16398.99,45
1704346320,16398.99,16400.12,16398.85,16399.48,61
1704346380,16399.48,16399.87,16398.72,16399.37,52
1704346440,16399.37,16399.37,16397.35,16397.98,72
1704346500,16397.98,16397.99,16396.72,16397.49,137
1704346560,16397.49,16398.22,16397.36,16397.48,61
1704346620,16397.48,16397.73,16395.36,16396.73,100
1704346680,16396.73,16396.74,16395.85,16396.23,76
1704346740,16396.23,16398.24,16395.87,16397.99,90
1704346800,16397.99,16398.99,16396.73,16396.98,109
1704346860,16396.98,16396.99,16395.47,16395.72,75
1704346920,16395.72,16396.73,16395.35,16396.24,82
1704346980,16396.24,16396.61,16395.36,16395.72,71
1704347040,16395.72,16396.74,16395.6,16395.99,77
1704347100,16395.99,16396.24,16395.49,16395.97,74
1704347160,16395.97,16396.12,16395.48,16395.73,61
1704347220,16395.73,16395.99,16395.35,16395.73,59
1704347280,16395.73,16395.99,16395.22,16395.99,67
1704347340,16395.99,16396.37,16395.1,16395.72,64
1704347400,16395.72,16396.61,16395.49,16396.47,41
1704347460,16396.47,16396.6,16395.85,16396.35,64
1704347520,16396.35,16397.62,16396.22,16397.47,77
1704347580,16397.47,16397.87,16396.36,16397.61,103
1704347640,16397.61,16397.98,16397.36,16397.48,105
1704347700,16397.48,16398.35,16397.36,16398.12,91
1704347760,16398.12,16398.12,16396.72,16397.22,63
1704347820,16397.22,16397.36,16396.6,16396.6,32
1704347880,16396.6,16396.62,16395.37,16395.97,91
1704347940,16395.97,16396.37,16395.35,16396.24,97
1704348000,16396.24,16397.37,16395.1,16396.73,192
1704348060,16396.73,16396.73,16395.22,16395.48,107
1704348120,16395.48,16395.48,16393.86,16394.49,143
1704348180,16394.49,16396.24,16394.23,16395.24,95
1704348240,16395.24,16395.49,16394.61,16394.74,100
1704348300,16394.74,16395.49,16394.6,16395.35,101
1704348360,16395.35,16395.98,16394.61,16395.98,103
1704348420,16395.98,16396.23,16392.98,16393.74,116
1704348480,16393.74,16393.99,16392.85,16393.48,113
1704348540,16393.48,16394.11,16393.24,16393.74,83
1704348600,16393.74,16394.12,16391.97,16393.61,168
1704348660,16393.61,16394.24,16392.99,16393.72,115
1704348720,16393.72,16394.35,16393.22,16393.86,97
1704348780,16393.86,16393.97,16393.6,16393.74,38
1704348840,16393.74,16394.36,16393.61,16393.98,45
1704348900,16393.98,16395.22,16393.73,16395.22,94
1704348960,16395.22,16396.12,16394.97,16395.35,55
1704349020,16395.35,16395.98,16394.85,16395.85,66
1704349080,16395.85,16396.99,16395.74,16396.47,69
1704349140,16396.47,16398.62,16396.37,16397.86,69
1704349200,16397.86,16399.12,16397.37,16398.74,74
1704349260,16398.74,16400.1,16398.74,16399.61,83
1704349320,16399.61,16401.73,16399.61,16401.73,60
1704349380,16401.73,16401.86,16400.72,16401.73,78
1704349440,16401.73,16402.74,16401.36,16402.74,53
1704349500,16402.74,16404.36,16402.11,16403.74,90
1704349560,16403.74,16404.98,16403.48,16404.24,109
1704349620,16404.24,16405.98,16403.74,16405.72,82
1704349680,16405.72,16405.99,16404.73,16405.48,65
1704349740,16405.48,16406.62,16405.35,16405.62,82
1704349800,16405.62,16411.37,16405.35,16407.24,320
1704349860,16407.24,16408.48,16405.49,16405.99,179
1704349920,16405.99,16411.74,16405.99,16411.74,227
1704349980,16411.74,16412.85,16406.86,16408.62,246
1704350040,16408.62,16408.72,16407.22,16407.85,113
1704350100,16407.85,16408.87,16407.22,16407.99,152
1704350160,16407.99,16409.99,16407.61,16408.74,101
1704350220,16408.74,16409.1,16407.98,16408.73,126
1704350280,16408.73,16410.12,16408.6,16408.74,139
1704350340,16408.74,16409.73,16408.74,16408.98,100
1704350400,16408.98,16409.6,16407.73,16407.98,135
1704350460,16407.98,16408.11,16405.98,16406.98,77
1704350520,16406.98,16407.22,16406.11,16407.22,45
1704350580,16407.22,16407.62,16406.97,16407.62,39
1704350640,16407.62,16407.62,16405.97,16406.24,68
1704350700,16406.24,16407.74,16406.24,16407.74,104
1704350760,16407.74,16408.35,16406.48,16406.74,58
1704350820,16406.74,16408.12,16405.99,16407.98,96
1704350880,16407.98,16411.62,16407.98,16410.22,132
1704350940,16410.22,16410.86,16409.87,16410.1,52
1704351000,16410.1,16411.61,16410.1,16411.47,96
1704351060,16411.47,16414.62,16411.35,16414.6,99
1704351120,16414.6,16417.48,16414.6,16416.37,133
1704351180,16416.37,16417.36,16416.37,16416.73,48
1704351240,16416.73,16419.99,16416.73,16418.97,155
1704351300,16418.97,16419.73,16418.73,16419.72,107
1704351360,16419.72,16420.6,16418.35,16419.72,95
1704351420,16419.72,16420.62,16419.23,16420.22,77
1704351480,16420.22,16420.86,16419.47,16419.98,99
1704351540,16419.98,16422.72,16419.72,16421.72,148
1704351600,16421.72,16423.99,16421.72,16423.12,247
1704351660,16423.12,16423.87,16420.61,16421.22,155
1704351720,16421.22,16422.24,16420.11,16421.1,130
1704351780,16421.1,16422.37,16420.62,16421.74,150
1704351840,16421.74,16421.99,16419.72,16419.99,60
1704351900,16419.99,16420.48,16418.35,16419.47,138
1704351960,16419.47,16422.74,16419.1,16421.97,145
1704352020,16421.97,16422.23,16420.22,16421.48,124
1704352080,16421.48,16422.62,16420.97,16421.97,98
1704352140,16421.97,16422.87,16420.74,16420.86,105
1704352200,16420.86,16422.62,16420.86,16421.35,71
1704352260,16421.35,16421.49,16419.11,16419.74,90
1704352320,16419.74,16419.74,16417.97,16419.47,131
1704352380,16419.47,16423.23,16419.37,16422.72,91
1704352440,16422.72,16425.62,16422.72,16424.99,198
1704352500,16424.99,16425.98,16422.72,16423.48,139
1704352560,16423.48,16424.47,16422.97,16423.6,112
1704352620,16423.6,16424.24,16422.73,16423.98,83
1704352680,16423.98,16423.99,16422.99,16423.73,110
1704352740,16423.73,16424.23,16423.35,16423.62,49
1704352800,16423.62,16424.62,16422.22,16424.22,78
1704352860,16424.22,16425.87,16424.22,16424.72,90
1704352920,16424.72,16426.62,16424.47,16426.23,80
1704352980,16426.23,16426.73,16425.37,16425.97,76
1704353040,16425.97,16427.1,16425.74,16426.23,66
1704353100,16426.23,16428.61,16425.85,16427.99,106
1704353160,16427.99,16428.87,16426.72,16428.73,121
1704353220,16428.73,16428.99,16427.72,16428.47,114
1704353280,16428.47,16431.12,16428.23,16431.11,110
1704353340,16431.11,16434.85,16430.97,16434.1,175
1704353400,16434.1,16435.62,16432.74,16433.97,188
1704353460,16433.97,16434.1,16430.24,16431.99,182
1704353520,16431.99,16435.1,16431.86,16434.98,110
1704353580,16434.98,16434.98,16431.97,16432.11,141
1704353640,16432.11,16432.74,16430.86,16431.23,117
1704353700,16431.23,16432.72,16430.98,16431.99,108
1704353760,16431.99,16433.12,16431.99,16432.74,95
1704353820,16432.74,16433.99,16432.72,16433.74,70
1704353880,16433.74,16435.61,16433.48,16434.48,100
1704353940,16434.48,16435.36,16432.36,16432.6,105
1704354000,16432.6,16433.49,16432.22,16432.37,110
1704354060,16432.37,16432.62,16430.74,16431.11,114
1704354120,16431.11,16433.74,16430.98,16433.35,138
1704354180,16433.35,16438.36,16432.98,16437.73,142
1704354240,16437.73,16439.49,16436.97,16437.24,170
1704354300,16437.24,16438.73,16435.6,16436.22,210
1704354360,16436.22,16436.22,16432.49,16432.99,150
1704354420,16432.99,16434.22,16432.37,16432.85,144
1704354480,16432.85,16433.87,16432.73,16432.98,88
1704354540,16432.98,16432.98,16431.48,16431.48,78
1704354600,16431.48,16431.99,16430.22,16430.49,121
1704354660,16430.49,16430.49,16429.6,16429.99,133
1704354720,16429.99,16431.48,16429.6,16430.48,87
1704354780,16430.48,16432.36,16430.12,16431.35,76
1704354840,16431.35,16431.87,16427.47,16427.72,212
1704354900,16427.72,16429.37,16425.22,16425.22,162
1704354960,16425.22,16426.49,16424.49,16424.97,130
1704355020,16424.97,16424.98,16423.47,16423.74,150
1704355080,16423.74,16423.74,16418.6,16419.1,208
1704355140,16419.1,16423.61,16418.72,16422.85,285
1704355200,16422.85,16427.36,16421.12,16423.73,966
1704355260,16423.73,16430.37,16422.97,16426.11,782
1704355320,16426.11,16432.37,16425.98,16430.22,504
1704355380,16430.22,16433.24,16427.73,16428.23,612
1704355440,16428.23,16430.23,16426.36,16428.86,553
1704355500,16428.86,16429.98,16426.72,16428.47,434
1704355560,16428.47,16430.49,16427.97,16430.35,510
1704355620,16430.35,16431.37,16427.86,16430.74,349
1704355680,16430.74,16435.49,16430.6,16435.37,465
1704355740,16435.37,16436.24,16433.86,16433.99,377
1704355800,16433.99,16436.24,16432.47,16435.11,473
1704355860,16435.11,16435.24,16428.98,16429.47,407
1704355920,16429.47,16430.22,16425.86,16427.24,347
1704355980,16427.24,16429.97,16426.22,16428.48,315
1704356040,16428.48,16428.85,16424.22,16427.48,332
1704356100,16427.48,16428.61,16420.35,16422.11,385
1704356160,16422.11,16423.37,16421.49,16422.86,303
1704356220,16422.86,16425.98,16422.62,16425.47,332
1704356280,16425.47,16426.86,16424.62,16426.62,278
1704356340,16426.62,16429.47,16426.12,16426.12,292
1704356400,16426.12,16428.22,16425.49,16427.97,294
1704356460,16427.97,16428.1,16424.48,16424.97,297
1704356520,16424.97,16427.47,16424.87,16426.85,203
1704356580,16426.85,16428.99,16426.48,16427.24,228
1704356640,16427.24,16432.98,16427.24,16430.6,359
1704356700,16430.6,16433.49,16429.73,16431.6,380
1704356760,16431.6,16431.62,16428.97,16429.24,337
1704356820,16429.24,16431.24,16426.72,16429.72,270
1704356880,16429.72,16429.99,16424.85,16425.48,339
1704356940,16425.48,16425.86,16420.48,16421.85,318
1704357000,16421.85,16421.85,16416.61,16418.35,310
1704357060,16418.35,16418.99,16414.99,16415.1,465
1704357120,16415.1,16420.37,16415.1,16418.98,321
1704357180,16418.98,16419.62,16416.87,16418.12,202
1704357240,16418.12,16420.99,16416.74,16418.49,287
1704357300,16418.49,16421.73,16416.87,16419.73,360
1704357360,16419.73,16423.37,16419.73,16423.22,306
1704357420,16423.22,16427.74,16423.11,16427.74,295
1704357480,16427.74,16431.35,16426.97,16429.97,309
1704357540,16429.97,16432.6,16424.72,16425.62,290
1704357600,16425.62,16427.47,16421.48,16421.48,261
1704357660,16421.48,16422.99,16417.6,16419.11,329
1704357720,16419.11,16422.72,16418.99,16422.22,266
1704357780,16422.22,16422.36,16417.73,16418.12,366
1704357840,16418.12,16420.61,16416.97,16417.87,331
1704357900,16417.87,16418.61,16413.6,16415.24,330
1704357960,16415.24,16415.37,16409.86,16412.11,428
1704358020,16412.11,16415.85,16411.1,16415.85,370
1704358080,16415.85,16417.36,16414.11,16417.35,330
1704358140,16417.35,16417.73,16412.72,16414.85,273
1704358200,16414.85,16415.48,16410.74,16414.6,296
1704358260,16414.6,16416.23,16411.72,16411.99,222
1704358320,16411.99,16414.12,16411.11,16413.24,297
1704358380,16413.24,16413.73,16406.85,16407.22,291
1704358440,16407.22,16409.12,16407.1,16409.11,241
1704358500,16409.11,16409.36,16403.85,16405.47,321
1704358560,16405.47,16405.49,16400.72,16402.73,248
1704358620,16402.73,16404.48,16398.23,16398.24,343
1704358680,16398.24,16403.47,16398.24,16402.85,197
1704358740,16402.85,16403.11,16400.47,16401.87,221
1704358800,16401.87,16405.6,16400.98,16405.24,424
1704358860,16405.24,16406.47,16401.48,16401.62,399
